GeoR,Operators,Domicile,Country,EconR,EntryTimes,dev_operator,Admin,Demographics,Geographic,HHI,Pop_mill,GDPcap,HDI,PopDen,Urbanization,GINI,EconGlob,SocialGlob,PoliticalGlob,OverallGlob,GIIInput,GIIOutput,GIIOverall,PR,CL,EthnicFrac,LinguisticFrac,ReligiousFrac,G3
1,3 (CK Hutchison),Hong Kong,Indonesia,3,6.75,1,41.872,2.592,3.0996,3.521,210.455,4.15,0.604,116.772,42.002,34.01,65.57,32.45,81.31,57.68,33.57,21.99,27.78,2,3,0.735,0.768,0.234,1
2,3 (CK Hutchison),Hong Kong,Austria,1,2.75,1,2.603,2.012,8.9912,3.654,8.035,31.57,0.837,97.016,65.8,29.87,87.03,90.25,96.58,90.85,59.28,42.21,50.75,1,1,0.107,0.152,0.415,1
2,3 (CK Hutchison),Hong Kong,United Kingdom,1,2.5,1,6.965,7.063,9.5956,2.529,59.068,27.03,0.866,243.428,78.651,33.5,87.01,87.38,96.06,89.64,63.66,48.27,55.96,1,1,0.121,0.053,0.694,1
2,3 (CK Hutchison),Hong Kong,Sweden,1,2.75,1,21.737,11.067,8.3081,3.961,8.88,27.17,0.877,21.621,84.026,25.4,86.07,86.52,95.51,88.84,64.85,59.4,62.12,1,1,0.06,0.197,0.234,1
1,3 (CK Hutchison),Hong Kong,Hong Kong,1,3.5,1,0,0,0,1.944,6.864,32.55,0.825,6347.619,100,32.6,54.31,54.09,84.15,62.46,68.57,45.08,56.82,5,5,0.062,0.213,0.419,1
1,3 (CK Hutchison),Hong Kong,Sri Lanka,3,11.75,1,1.872,1.294,3.9411,2.825,18.942,4.6,0.686,297.48,18.443,40.25,46.93,39.29,72.99,51.3,33.2,27.53,30.36,5,4,0.415,0.465,0.485,1
2,3 (CK Hutchison),Hong Kong,Ireland,1,5,1,4.415,1.078,9.9822,5.213,3.835,31.39,0.857,55.236,59.146,33.6,95.71,76.26,87.36,86.23,65.53,42.67,54.1,1,1,0.121,0.031,0.155,1
2,3 (CK Hutchison),Hong Kong,Italy,1,2.5,1,15.473,8.552,9.2263,4.162,57.093,27.14,0.828,193.608,67.222,34.3,73.85,78.49,94.5,81.26,47.88,33.49,40.69,1,1,0.115,0.115,0.303,1
5,Africell (Lintel),Congo,Uganda,4,9.25,0,12.358,1.569,1.9056,8.105,24.682,1.09,0.396,120.311,12.082,44.2,48.66,22.76,71.86,45.49,29.86,22.87,26.37,5,4,0.93,0.923,0.633,1
5,Africell (Lintel),Congo,Gambia,4,11.5,0,8.34,2.226,3.8376,10,1.248,1.29,0.384,121.724,47.868,47.1,50.64,38.83,64.8,50.18,27.84,18.75,23.29,6,6,0.786,0.808,0.097,1
5,Africell (Lintel),Congo,Sierra Leone,4,11,0,6.692,5.15,3.1248,5.338,4.218,1.17,0.302,63.235,35.626,33.99,35.71,18.02,61.16,36.2,28.31,6.98,17.65,2,3,0.819,0.763,0.54,1
1,Airtel (Bharti Airtel),India,Sri Lanka,3,8.5,0,0.103,1.403,1.5104,2.825,18.942,4.6,0.686,297.48,18.443,40.25,46.93,39.29,72.99,51.3,33.2,27.53,30.36,5,4,0.415,0.465,0.485,1
5,Airtel (Bharti Airtel),India,Uganda,4,12.01,0,3.6,7.142,5.3335,8.105,24.682,1.09,0.396,120.311,12.082,44.2,48.66,22.76,71.86,45.49,29.86,22.87,26.37,5,4,0.93,0.923,0.633,1
5,Airtel (Bharti Airtel),India,Sierra Leone,4,11.5,0,1.87,9.112,9.5415,5.338,4.218,1.17,0.302,63.235,35.626,33.99,35.71,18.02,61.16,36.2,28.31,6.98,17.65,2,3,0.819,0.763,0.54,1
5,Airtel (Bharti Airtel),India,Burkina Faso,4,12.75,0,10.567,6.018,8.397,10,11.777,1.12,0.325,42.427,17.844,39.2,33.74,21.33,59.73,36.33,32.87,23.49,28.18,6,3,0.738,0.723,0.58,1
1,Airtel (Bharti Airtel),India,Bangladesh,3,13.26,0,42.891,1.107,1.4131,5.006,133.556,1.79,0.468,1010.842,23.59,32.13,28.06,22.61,75.1,39.02,29.64,26.47,28.05,3,4,0.045,0.093,0.209,1
5,Airtel (Bharti Airtel),India,Tanzania,4,7.5,0,8.022,3.153,5.4323,4.1,34.458,0.68,0.391,38.584,22.309,40.28,38.82,18.38,55.17,35.78,30.45,31.93,26.88,4,3,0.735,0.898,0.633,1
5,Airtel (Bharti Airtel),India,Chad,4,14.01,0,9.116,9.555,6.1547,6.184,8.461,3.83,0.3,6.625,21.637,39.8,28.31,13.73,35.18,24.82,30.63,14.23,22.43,7,6,0.83,0.833,0.792,1
5,Airtel (Bharti Airtel),India,Congo,3,11.25,0,10.329,2.673,7.1481,3.959,47.558,16.04,0.331,20.765,58.695,48.94,68.12,26.16,41.45,45.27,30.59,24.46,27.52,6,6,0.875,0.687,0.664,1
5,Airtel (Bharti Airtel),India,Madagascar,4,12.01,0,10.654,5.362,5.5251,4.96,15.99,0.97,0.387,27.112,27.121,40.63,43.99,20.66,65.32,41.26,31.2,19.63,25.41,5,4,0.879,0.02,0.519,1
5,Airtel (Bharti Airtel),India,Malawi,4,10,0,1.593,5.364,6.0068,5.813,11.472,1.03,0.725,120.664,14.61,46.12,38.31,24.74,61.73,39.76,32.82,19.11,25.96,3,4,0.674,0.602,0.819,1
5,Airtel (Bharti Airtel),India,Nigeria,3,8.5,0,1.862,4.433,7.457,10,124.441,1.28,0.445,134.339,34.84,42.97,52,19.82,87.95,50.03,27.72,28.58,28.15,4,4,0.851,0.832,0.742,1
5,Airtel (Bharti Airtel),India,Rwanda,4,12.01,0,24.912,4.331,5.6842,10,8.578,0.99,0.332,325.322,14.926,51.34,31.31,24.02,67.15,38.5,34.73,17,25.86,6,6,0.324,0,0.507,1
5,Airtel (Bharti Airtel),India,Seychelles,1,6.25,0,4.255,1.373,3.597,5.183,0.08,17.37,0.714,176.372,50.12,42.77,76.69,55.03,35.22,57.26,44.45,32.68,38.6,3,3,0.203,0.161,0.232,1
1,Airtel (Bharti Airtel),India,India,3,10.5,0,0,0,0,1.706,1050.881,2.69,0.494,354.182,27.667,35.15,42.23,29.66,90.67,50.94,36.47,32.56,34.52,2,3,0.418,0.807,0.326,1
5,Airtel (Bharti Airtel),India,Gabon,2,13.5,0,4.958,4.596,7.4823,3.676,1.24,8.5,0.633,4.778,80.082,42.2,39.48,40.55,64.2,46.69,41.2,20.54,30.87,6,4,0.786,0.808,0.097,1
5,Airtel (Bharti Airtel),India,Kenya,3,11.5,0,2.07,2.088,4.7423,5.259,31.706,1.94,0.447,55.26,19.892,48.1,40.4,25.63,83.2,46.75,39.24,19.05,29.15,4,4,0.859,0.886,0.777,1
5,Airtel (Bharti Airtel),India,Ghana,3,8.25,0,1.707,1.028,8.571,4.03,19.059,1.36,0.485,83.233,43.929,42.2,51.69,28.37,84.23,52.05,39.84,25.12,32.48,1,2,0.673,0.673,0.799,1
1,Axiata,Malaysia,Indonesia,3,6.25,0,2.086,1.685,1.1803,3.521,210.455,4.15,0.604,116.772,42.002,34.01,65.57,32.45,81.31,57.68,33.57,21.99,27.78,2,3,0.735,0.768,0.234,1
1,Axiata,Malaysia,Sri Lanka,3,6.25,0,1.864,1.714,3.5293,2.825,18.942,4.6,0.686,297.48,18.443,40.25,46.93,39.29,72.99,51.3,33.2,27.53,30.36,5,4,0.415,0.465,0.485,1
1,Axiata,Malaysia,Bangladesh,3,13.26,0,40.454,1.374,3.4041,5.006,133.556,1.79,0.468,1010.842,23.59,32.13,28.06,22.61,75.1,39.02,29.64,26.47,28.05,3,4,0.045,0.093,0.209,1
1,Axiata,Malaysia,Malaysia,2,4.75,0,0,0,0,2.669,23.673,14.18,0.587,70.569,61.977,46.05,74.62,75.14,79.19,76.07,52.94,35.17,44.05,4,4,0.588,0.597,0.666,1
1,Axiata,Malaysia,Nepal,4,10.25,0,5.148,2.426,4.1503,10,23.42,1.78,0.446,165.615,13.431,44,24.01,25.32,69.37,37,31.83,15.74,23.79,4,4,0.663,0.717,0.142,1
1,Axiata,Malaysia,Cambodia,3,11,0,11.226,6.305,1.4314,5.921,12.348,1.76,0.412,68.844,18.586,39.5,62.92,22.49,57.67,46.54,31.24,19.68,25.46,6,5,0.211,0.21,0.097,1
1,Axiata,Malaysia,Cambodia,3,8.5,0,11.226,6.305,1.4314,5.921,12.348,1.76,0.412,68.844,18.586,39.5,62.92,22.49,57.67,46.54,31.24,19.68,25.46,6,5,0.211,0.21,0.097,1
1,Beeline (VimpelCom),Russia,Kazakhstan,2,10.5,0,0.436,2.971,2.4471,4.294,14.567,7.64,0.685,5.513,55.729,28.8,64.25,42.82,65.7,56.74,39.86,20.77,30.32,6,5,0.617,0.662,0.59,1
2,Beeline (VimpelCom),Russia,Russian Federation,2,8,0,0,0,0,2.03,146.467,8.31,0.72,8.949,73.35,41.54,52.21,69.35,91.71,69.43,40.79,30.91,35.85,6,5,0.245,0.249,0.44,1
1,Beeline (VimpelCom),Russia,Tajikistan,3,6.25,0,1.12,14.566,3.0911,8.214,6.238,1.9,0.535,44.414,26.486,32.19,43.66,25.42,37.36,35.19,27.64,23.3,24.5,6,6,0.511,0.547,0.339,1
1,Beeline (VimpelCom),Russia,Uzbekistan,3,8.25,0,11.782,11.453,3.2439,2.577,24.964,1.48,0.594,57.946,37.429,35,40.69,38.2,44.04,40.69,33.23,14.65,23.94,7,7,0.413,0.412,0.213,1
1,Beeline (VimpelCom),Russia,Armenia,3,9,0,22.404,4.651,4.3498,10,3.068,0.62,0.644,107.818,64.666,29.58,63.49,44.12,48.92,52.32,37.1,28.9,33,6,4,0.127,0.129,0.458,1
2,Bite (Providence),Lithuania,Lithuania,1,5.75,1,0,0,0,5.346,3.48,8.57,0.757,55.832,66.986,34.44,76.41,65.33,71.24,70.89,47.46,29.52,38.49,1,1,0.322,0.322,0.414,1
2,Bite (Providence),Lithuania,Latvia,1,5.75,1,21.618,0.325,0.1272,5.602,2.358,8.12,0.728,38.066,68.067,36.4,77.04,68.32,47.77,65.75,47.46,32.14,39.8,1,1,0.587,0.58,0.556,1
4,Cable & Wireless,United Kingdom,Panama,2,11,1,13.566,8.678,8.4259,5.087,3.086,7.12,0.721,40.763,62.198,52.03,80.45,60.63,60.74,67.7,40.73,20.82,30.77,1,2,0.553,0.387,0.334,1
1,Cellcom,Israel,Israel,1,4,1,0,0,0,3.362,6.072,22.36,0.85,290.619,91.203,41.7,78.97,76.82,59.12,72.7,65.53,48.94,54.1,1,2,0.344,0.553,0.347,1
5,Cellcom,Israel,Guinea,4,11.5,1,8.458,8.834,12.4764,5.302,8.821,3.24,0.322,35.848,31.017,39.17,21.75,72.17,41.84,39.29,25.14,15.35,20.25,3,5,0.739,0.773,0.265,1
4,Claro (América Móvil),Mexico,Panama,2,8.5,1,4.264,0.363,2.8165,5.087,3.086,7.12,0.721,40.763,62.198,52.03,80.45,60.63,60.74,67.7,40.73,20.82,30.77,1,2,0.553,0.387,0.334,1
4,Claro (América Móvil),Mexico,Costa Rica,2,11.25,1,5.182,0.18,2.4008,10,3.972,5.01,0.708,76.879,59.049,50.97,66.21,61.94,59.45,62.77,42.22,33.6,37.91,1,1,0.237,0.049,0.241,1
4,Claro (América Móvil),Mexico,Ecuador,2,8.25,1,3.724,0.044,3.8482,5.03,12.657,4.89,0.67,50.848,60.299,54.1,52,45.76,78.24,56.93,32.57,24.94,28.75,3,3,0.655,0.131,0.142,1
4,Claro (América Móvil),Mexico,Guatemala,3,7.5,1,5.182,3.216,1.4896,3.444,11.342,5.53,0.546,108.723,45.127,54.9,57.47,43.13,77.7,57.75,33.18,25.49,29.33,4,4,0.512,0.459,0.375,1
4,Claro (América Móvil),Mexico,Dominican Republic,2,5,1,12.054,0.391,3.2807,4.578,8.731,7.56,0.656,177.243,61.746,50,52.94,49.55,67.67,55.75,34.6,27.27,30.94,2,2,0.429,0.04,0.312,1
4,Claro (América Móvil),Mexico,Argentina,2,7.25,1,5.006,2.416,7.5135,2.686,37.088,12.52,0.771,13.541,89.142,45.27,40.84,52.7,92.34,59.42,37.29,33.44,35.36,2,2,0.255,0.062,0.224,1
4,Claro (América Móvil),Mexico,Chile,1,7.5,1,7.217,0.661,6.7682,3.034,15.547,9.46,0.761,20.527,86.073,48.2,83.22,53.95,86.03,73.19,48.09,29.6,38.84,1,1,0.186,0.187,0.384,1
4,Claro (América Móvil),Mexico,Colombia,2,7.5,1,4.371,0.739,3.8592,4.93,40.228,7.64,0.653,36.416,72.075,55.9,49.64,46.88,79.63,56.89,38.72,25.92,32.32,3,4,0.601,0.019,0.148,1
4,Claro (América Móvil),Mexico,Nicaragua,3,7.5,1,4.074,2.669,2.1133,10,5.139,2.06,0.57,41.772,54.737,45.73,59.02,44.98,56.79,53.22,31.13,20.44,25.78,4,3,0.484,0.047,0.429,1
4,Claro (América Móvil),Mexico,Peru,2,7.5,1,4.533,0.485,4.6397,5.293,26.186,4.98,0.677,20.246,73.042,47.96,74.14,43.41,84.1,65.54,39.06,21.63,30.34,2,3,0.657,0.336,0.199,1
4,Claro (América Móvil),Mexico,El Salvador,3,7.5,1,4.379,4.297,1.7161,3.583,5.972,5.19,0.615,283.187,58.912,45.93,63.93,52.99,77.57,63.65,34.6,23.67,29.14,2,3,0.198,0,0.356,1
4,Claro (América Móvil),Mexico,Jamaica,2,6.25,1,16.594,2.913,2.6035,10,2.594,7.88,0.68,245.324,51.814,45,73.83,44.44,68.53,61.52,38.89,18.87,28.88,2,3,0.413,0.11,0.616,1
4,Claro (América Móvil),Mexico,Paraguay,2,7.75,1,1.296,0.61,6.9933,4.648,5.405,4.56,0.624,13.347,55.331,49.67,57.83,45.82,76.18,58.45,34.45,27.9,31.17,3,3,0.169,0.598,0.212,1
4,Claro (América Móvil),Mexico,Uruguay,2,7.25,1,8.993,5.934,7.9185,0.00506,3.324,11.43,0.742,18.976,92.028,47,61.9,54.07,80.05,64.01,40.26,29.27,34.76,1,1,0.482,0.304,0.437,1
4,Claro (América Móvil),Mexico,Honduras,3,7.5,1,5.118,2.551,10.319,10,6.3,3.06,0.557,58.31,45.458,51.56,65.44,44.58,69.24,58.79,33.08,22.53,27.81,4,4,0.187,0.055,0.236,1
2,Deutsche Telekom,Germany,Austria,1,3.25,1,20.846,0.13,0.5157,3.654,8.035,31.57,0.837,97.016,65.8,29.87,87.03,90.25,96.58,90.85,59.28,42.21,50.75,1,1,0.107,0.152,0.415,1
2,Deutsche Telekom,Germany,Croatia,1,4.75,1,35.458,0.915,0.8089,5.01,4.461,7.56,0.749,79.163,55.587,30,70.5,70.44,78.17,72.59,45,30.96,37.98,2,2,0.369,0.076,0.445,1
2,Deutsche Telekom,Germany,Netherlands,1,5.5,1,10.955,1.049,0.2794,3.158,15.905,31.93,0.878,471.727,76.795,30.74,94.12,88.43,91.17,91.2,60.42,52.2,56.31,1,1,0.105,0.514,0.722,1
2,Deutsche Telekom,Germany,Czech Republic,1,9.25,1,30.974,1.481,0.4818,4.401,10.241,8.82,0.821,132.717,73.988,27.5,85.09,79.89,84.7,83.06,53.11,41.49,47.3,1,1,0.322,0.323,0.659,1
2,Deutsche Telekom,Germany,Germany,1,4,1,0,0,0,3.448,83.548,29.05,0.86,235.597,73.067,28.5,83.28,84.73,89.05,85.41,59.04,50.74,54.89,1,1,0.168,0.164,0.657,1
2,Deutsche Telekom,Germany,Slovakia,1,5.5,1,20.317,3.647,0.7966,5.062,5.388,11.84,0.763,112.032,56.233,29.33,88.05,82.18,80.78,83.88,48.27,29.83,39.05,1,1,0.254,0.255,0.566,1
2,Deutsche Telekom,Germany,Poland,1,5,1,9.839,2.568,0.7697,3.578,38.333,10.83,0.784,124.91,61.716,34.49,67.24,77.44,92.62,78.01,46.29,29.74,38.02,1,1,0.118,0.047,0.171,1
4,Digicel,Jamaica,Panama,2,11.25,0,9.269,4.635,1.0646,5.087,3.086,7.12,0.721,40.763,62.198,52.03,80.45,60.63,60.74,67.7,40.73,20.82,30.77,1,2,0.553,0.387,0.334,1
4,Digicel,Jamaica,El Salvador,3,13.5,0,4.45,0.863,1.3163,3.583,5.972,5.19,0.615,283.187,58.912,45.93,63.93,52.99,77.57,63.65,34.6,23.67,29.14,2,3,0.198,0,0.356,1
4,Digicel,Jamaica,Jamaica,2,11.25,0,0,0,0,10,2.594,7.88,0.68,245.324,51.814,45,73.83,44.44,68.53,61.52,38.89,18.87,28.88,2,3,0.413,0.11,0.616,1
3,Digicel,Jamaica,Papua New Guinea,3,10.75,0,4.097,5.377,15.0231,10,5.449,2.19,0.422,12.305,13.204,52.5,65.34,22.01,58.47,47.45,32.93,26.8,29.87,4,3,0.272,0.353,0.552,1
3,Digicel,Jamaica,Vanuatu,3,11.25,0,1.418,2.295,13.2083,10,0.187,5.61,0.572,15.182,21.673,37.3,62.95,32.76,27.75,42.1,35.75,34.02,34.89,2,2,0.041,0.579,0.704,1
4,Digicel,Jamaica,Grenada,2,13.75,0,5.091,2.098,1.8318,10,0.102,14.12,0.741,298.879,35.871,51.85,53.14,52.4,31.34,44.3,34.95,29.64,32.29,1,2,0.266,0,0.59,1
4,Digicel,Jamaica,Haiti,4,11.25,0,8.065,2.032,0.5427,5.041,8.649,1.66,0.443,310.203,35.6,40.9,49.96,26.35,41.57,38.93,30.63,14.23,22.43,4,5,0.095,0,0.47,1
3,Digicel,Jamaica,Fiji,2,11.75,0,0.987,3.072,12.4261,10,0.813,5.78,0.683,44.402,47.908,42.78,47.59,50.1,66.56,53.75,36.96,18.87,27.92,6,4,0.548,0.548,0.568,1
4,Digicel,Jamaica,Suriname,2,13.75,0,20.121,4.025,2.8281,10,0.47,7.49,0.672,3.028,66.444,57.6,60.24,53.96,34.7,50.88,34.95,29.64,32.29,2,2,0.733,0.331,0.791,1
4,Digicel,Jamaica,Barbados,1,11,0,0.125,2.91,2.0056,10,0.268,23.08,0.75,627.551,33.83,39.73,48.65,51.91,36.37,46.47,38.64,24.49,31.56,1,1,0.294,0.146,0.683,1
5,Econet Wireless,Zimbabwe,Burundi,4,14.5,0,12.489,5.228,1.8369,6.907,6.757,0.71,0.268,249.249,8.246,40,26.26,18.98,32.87,25.39,30.63,14.23,22.43,5,5,0.295,0.298,0.516,1
5,Econet Wireless,Zimbabwe,Burundi,4,11,0,12.489,5.228,1.8369,6.907,6.757,0.71,0.268,249.249,8.246,40,26.26,18.98,32.87,25.39,30.63,14.23,22.43,5,5,0.295,0.298,0.516,1
5,Econet Wireless,Zimbabwe,Zimbabwe,4,9,0,0,0,0,3.572,12.545,4.53,0.427,31.594,33.758,43.15,39.41,30.43,70.2,44.58,26.82,20.26,23.54,5,6,0.387,0.447,0.736,1
2,Elisa,Finland,Estonia,1,6.25,1,123.458,2.406,0.5566,4.219,1.361,10.4,0.781,32.956,69.368,33.5,89.73,71.3,65.76,76.32,54.86,43.5,49.18,1,1,0.506,0.494,0.499,1
2,Elisa,Finland,Finland,1,5.5,1,0,0,0,5.242,5.182,26.4,0.856,16.994,82.183,27.9,86.97,84.9,93.33,87.96,55.61,50.29,57.5,1,1,0.132,0.141,0.253,1
4,Entel,Chile,Chile,1,6.25,0,0,0,0,3.034,15.547,9.46,0.761,20.527,86.073,48.2,83.22,53.95,86.03,73.19,48.09,29.6,38.84,1,1,0.186,0.187,0.384,1
4,Entel,Chile,Peru,2,9.25,0,3.116,0.416,2.2863,5.293,26.186,4.98,0.677,20.246,73.042,47.96,74.14,43.41,84.1,65.54,39.06,21.63,30.34,2,3,0.657,0.336,0.199,1
4,Entel,Chile,Bolivia,3,10.75,0,2.892,2.254,1.5708,4.907,8.582,3.35,0.607,7.698,61.834,49.7,55.95,34.24,76.98,53.73,30.37,20.51,25.44,3,3,0.74,0.224,0.209,1
1,Etisalat,UAE,Sri Lanka,3,6.5,1,1.846,8.624,3.4474,2.825,18.942,4.6,0.686,297.48,18.443,40.25,46.93,39.29,72.99,51.3,33.2,27.53,30.36,5,4,0.415,0.465,0.485,1
5,Etisalat,UAE,Nigeria,3,12.26,1,1.248,22.549,5.1129,10,124.441,1.28,0.445,134.339,34.84,42.97,52,19.82,87.95,50.03,27.72,28.58,28.15,4,4,0.851,0.832,0.742,1
5,Etisalat,UAE,Egypt,3,6.75,1,2.421,21.195,2.4309,5.055,66.67,4.69,0.612,70.226,42.797,31.1,46.9,46.13,93.23,59.39,35.08,23.34,29.21,6,5,0.184,0.024,0.198,1
1,Etisalat,UAE,Afghanistan,4,11.5,1,0.673,30.603,1.4686,10,20.972,0.33,0.34,30.778,21.282,27.8,34.5,16.49,43.73,30.4,23.03,16.25,19.64,6,6,0.769,0.614,0.272,1
1,Etisalat,UAE,United Arab Emirates,1,3.5,1,0,0,0,10,3.079,38.6,0.798,37.738,80.236,39.73,77.87,81.54,46.16,70.48,54.38,29.61,41.99,6,6,0.625,0.487,0.331,1
5,Expresso,Senegal,Ghana,3,10.25,0,8.391,1.497,1.4711,4.03,19.059,1.36,0.485,83.233,43.929,42.2,51.69,28.37,84.23,52.05,39.84,25.12,32.48,1,2,0.673,0.673,0.799,1
5,Expresso,Senegal,Senegal,4,8.5,0,0,0,0,5.599,9.99,1.73,0.381,51.338,40.345,40.29,47.05,34.16,87.18,53.35,30.73,24.38,27.56,2,3,0.694,0.708,0.15,1
4,Flow (Liberty Global),Jamaica,Jamaica,2,8.75,0,0,0,0,10,2.594,7.88,0.68,245.324,51.814,45,73.83,44.44,68.53,61.52,38.89,18.87,28.88,2,3,0.413,0.11,0.616,1
4,Flow (Liberty Global),Jamaica,Antigua and Barbuda,1,12.26,0,3.571,2.473,1.6704,3.805,0.078,14.52,0.773,189.964,32.127,39.73,71.91,56.57,17.88,40.03,38.64,24.49,31.56,2,2,0.164,0.106,0.684,1
4,Flow (Liberty Global),Jamaica,Barbados,1,11.25,0,0.125,2.91,2.0056,10,0.268,23.08,0.75,627.551,33.83,39.73,48.65,51.91,36.37,46.47,38.64,24.49,31.56,1,1,0.294,0.146,0.683,1
2,MegaFon,Russia,Russian Federation,2,8.25,0,0,0,0,2.03,146.467,8.31,0.72,8.949,73.35,41.54,52.21,69.35,91.71,69.43,40.79,30.91,35.85,6,5,0.245,0.249,0.44,1
1,MegaFon,Russia,Tajikistan,3,5.5,0,1.12,14.566,3.0911,8.214,6.238,1.9,0.535,44.414,26.486,32.19,43.66,25.42,37.36,35.19,27.64,23.3,24.5,6,6,0.511,0.547,0.339,1
1,MegaFon,Russia,Georgia,2,8.25,0,9.855,3.441,4.2661,4.232,4.713,4.31,0.673,77.3,52.638,39.7,63.85,50.83,42.65,53.2,38.54,25.2,31.87,4,4,0.492,0.475,0.654,1
1,MegaFon,Russia,Georgia,2,11,0,9.855,3.441,4.2661,4.232,4.713,4.31,0.673,77.3,52.638,39.7,63.85,50.83,42.65,53.2,38.54,25.2,31.87,4,4,0.492,0.475,0.654,1
5,Moov,Morocco,Benin,4,13.5,0,3.595,6.133,2.6141,4.924,7.062,1.34,0.395,60.89,38.333,38.2,30.72,20.98,60.77,35.41,30.28,18.13,24.21,2,2,0.787,0.791,0.554,1
5,Moov,Morocco,Ivory Coast,3,12.5,0,3.668,7.236,2.6719,4.942,16.276,2.76,0.395,52.473,43.541,41,38,32.84,66.23,43.88,28.01,26.04,27.02,5,4,0.82,0.784,0.755,1
4,Movistar (Telefónica),Spain,Panama,2,8.25,1,7.658,8.769,8.1855,5.087,3.086,7.12,0.721,40.763,62.198,52.03,80.45,60.63,60.74,67.7,40.73,20.82,30.77,1,2,0.553,0.387,0.334,1
4,Movistar (Telefónica),Spain,Costa Rica,2,11.25,1,6.846,10.711,8.4564,10,3.972,5.01,0.708,76.879,59.049,50.97,66.21,61.94,59.45,62.77,42.22,33.6,37.91,1,1,0.237,0.049,0.241,1
4,Movistar (Telefónica),Spain,Ecuador,2,8.75,1,7.827,9.068,8.7678,5.03,12.657,4.89,0.67,50.848,60.299,54.1,52,45.76,78.24,56.93,32.57,24.94,28.75,3,3,0.655,0.131,0.142,1
4,Movistar (Telefónica),Spain,Guatemala,3,5,1,6.846,11.769,8.6044,3.444,11.342,5.53,0.546,108.723,45.127,54.9,57.47,43.13,77.7,57.75,33.18,25.49,29.33,4,4,0.512,0.459,0.375,1
4,Movistar (Telefónica),Spain,Argentina,2,7,1,7.89,3.848,10.287,2.686,37.088,12.52,0.771,13.541,89.142,45.27,40.84,52.7,92.34,59.42,37.29,33.44,35.36,2,2,0.255,0.062,0.224,1
4,Movistar (Telefónica),Spain,Chile,1,7.5,1,3.383,7.913,10.4165,3.034,15.547,9.46,0.761,20.527,86.073,48.2,83.22,53.95,86.03,73.19,48.09,29.6,38.84,1,1,0.186,0.187,0.384,1
4,Movistar (Telefónica),Spain,Colombia,2,7.5,1,7.704,9.859,7.867,4.93,40.228,7.64,0.653,36.416,72.075,55.9,49.64,46.88,79.63,56.89,38.72,25.92,32.32,3,4,0.601,0.019,0.148,1
4,Movistar (Telefónica),Spain,Nicaragua,3,8.25,1,4.756,14.455,8.3329,10,5.139,2.06,0.57,41.772,54.737,45.73,59.02,44.98,56.79,53.22,31.13,20.44,25.78,4,3,0.484,0.047,0.429,1
4,Movistar (Telefónica),Spain,Peru,2,8.75,1,7.426,9.359,9.2427,5.293,26.186,4.98,0.677,20.246,73.042,47.96,74.14,43.41,84.1,65.54,39.06,21.63,30.34,2,3,0.657,0.336,0.199,1
4,Movistar (Telefónica),Spain,El Salvador,3,10.25,1,7.741,13.401,8.6074,3.583,5.972,5.19,0.615,283.187,58.912,45.93,63.93,52.99,77.57,63.65,34.6,23.67,29.14,2,3,0.198,0,0.356,1
4,Movistar (Telefónica),Spain,Uruguay,2,7,1,14.121,2.261,9.7296,0.00506,3.324,11.43,0.742,18.976,92.028,47,61.9,54.07,80.05,64.01,40.26,29.27,34.76,1,1,0.482,0.304,0.437,1
2,Movistar (Telefónica),Spain,Spain,1,4,1,0,0,0,4.212,40.52,24.95,0.825,81.298,76.262,33.38,80.62,83.4,91.44,84.63,52.43,35.19,43.81,1,1,0.417,0.413,0.451,1
4,Movistar (Telefónica),Spain,Venezuela,2,5.25,1,8.414,10.138,7.0737,4.962,24.639,10.55,0.672,27.763,87.98,52.36,57.05,51,65.41,57.12,29.48,25.35,27.41,5,4,0.497,0.069,0.135,1
4,Movistar (Telefónica),Spain,Mexico,2,8.25,1,13.791,9.825,9.0397,6.18,104.607,10.34,0.7,52.326,74.722,51.11,59.84,52.78,69.61,59.93,37.47,23.42,30.45,3,3,0.542,0.151,0.18,1
5,MTN,South Africa,Uganda,4,12.26,0,2.765,13.683,3.4469,8.105,24.682,1.09,0.396,120.311,12.082,44.2,48.66,22.76,71.86,45.49,29.86,22.87,26.37,5,4,0.93,0.923,0.633,1
5,MTN,South Africa,Nigeria,3,7.25,0,0.585,6.482,4.6698,10,124.441,1.28,0.445,134.339,34.84,42.97,52,19.82,87.95,50.03,27.72,28.58,28.15,4,4,0.851,0.832,0.742,1
5,MTN,South Africa,Rwanda,4,9,0,20.445,7.653,3.0725,10,8.578,0.99,0.332,325.322,14.926,51.34,31.31,24.02,67.15,38.5,34.73,17,25.86,6,6,0.324,0,0.507,1
5,MTN,South Africa,Ghana,3,8.5,0,0.828,5.272,4.9748,4.03,19.059,1.36,0.485,83.233,43.929,42.2,51.69,28.37,84.23,52.05,39.84,25.12,32.48,1,2,0.673,0.673,0.799,1
1,MTN,South Africa,Afghanistan,4,12.26,0,3.047,21.258,8.1459,10,20.972,0.33,0.34,30.778,21.282,27.8,34.5,16.49,43.73,30.4,23.03,16.25,19.64,6,6,0.769,0.614,0.272,1
5,MTN,South Africa,Benin,4,12.26,0,7.263,12.003,4.8814,4.924,7.062,1.34,0.395,60.89,38.333,38.2,30.72,20.98,60.77,35.41,30.28,18.13,24.21,2,2,0.787,0.791,0.554,1
5,MTN,South Africa,Ivory Coast,3,12.26,0,8.228,3.266,5.162,4.942,16.276,2.76,0.395,52.473,43.541,41,38,32.84,66.23,43.88,28.01,26.04,27.02,5,4,0.82,0.784,0.755,1
5,MTN,South Africa,Sudan,3,6.25,0,0.906,10.901,4.9408,10,28.082,1.55,0.399,14.635,32.495,35.39,42.7,20.76,52.87,37.4,26.06,14.65,20.36,7,7,0.715,0.719,0.431,1
1,MTN,South Africa,Iran,2,14.26,0,7.218,8.543,7.4516,10,66.384,8.05,0.666,40.603,64.042,44,24.94,24.57,47.14,30.92,33.24,19.04,26.14,6,6,0.668,0.746,0.115,1
5,MTN,South Africa,South Africa,2,4.75,0,0,0,0,5.236,45.18,8.44,0.629,37.01,56.891,64.79,64.88,44.77,83.53,62.6,46.37,24.07,35.22,2,2,0.752,0.865,0.86,1
5,MTN,South Africa,Swaziland,3,11.25,0,0.804,8.516,0.7894,10,1.069,6.59,0.506,61.713,22.686,53,57.22,42.2,35.3,45.63,36.93,18.11,27.52,7,5,0.058,0.172,0.444,1
1,MTN,South Africa,Syria,3,8.25,0,7.168,20.349,7.2753,5.002,16.536,2.45,0.589,89.296,51.947,35.8,41.16,28.45,50.72,39.1,39.75,26.14,32.94,7,7,0.54,0.182,0.431,1
1,MTN,South Africa,Cyprus,1,4.5,0,1.698,10.065,7.1875,5.305,0.952,5.19,0.8,102.087,68.648,31.1,88.07,77.35,59.05,76.11,52.38,40.52,46.45,1,1,0.094,0.396,0.396,1
1,MTS,Russia,India,3,9.25,0,13.883,5.61,4.812,1.706,1050.881,2.69,0.494,354.182,27.667,35.15,42.23,29.66,90.67,50.94,36.47,32.56,34.52,2,3,0.418,0.807,0.326,1
2,MTS,Russia,Russian Federation,2,8.25,0,0,0,0,2.03,146.467,8.31,0.72,8.949,73.35,41.54,52.21,69.35,91.71,69.43,40.79,30.91,35.85,6,5,0.245,0.249,0.44,1
1,MTS,Russia,Uzbekistan,3,8.5,0,11.782,11.453,3.2439,2.577,24.964,1.48,0.594,57.946,37.429,35,40.69,38.2,44.04,40.69,33.23,14.65,23.94,7,7,0.413,0.412,0.213,1
4,MTS,Russia,Canada,1,6.25,0,7.036,8.271,6.6168,2.341,30.842,31.47,0.867,3.384,79.478,31.7,78.76,90.72,93.21,87.16,64.41,48.26,56.33,1,1,0.712,0.577,0.696,1
2,MTS,Russia,Belarus,2,9.75,0,2.656,0.932,5.6027,10,9.951,12.19,0.681,49.199,69.973,28.3,39.33,58.11,38.71,46.09,37.72,28.13,32.93,7,6,0.322,0.467,0.612,1
2,O2,Spain,United Kingdom,1,4.5,1,6.089,1.117,1.5658,2.529,59.068,27.03,0.866,243.428,78.651,33.5,87.01,87.38,96.06,89.64,63.66,48.27,55.96,1,1,0.121,0.053,0.694,1
2,O2,Spain,Ireland,1,5,1,4.951,2.503,1.4788,5.213,3.835,31.39,0.857,55.236,59.146,33.6,95.71,76.26,87.36,86.23,65.53,42.67,54.1,1,1,0.121,0.031,0.155,1
2,O2,Spain,Czech Republic,1,4,1,20.514,2.312,1.8737,4.401,10.241,8.82,0.821,132.717,73.988,27.5,85.09,79.89,84.7,83.06,53.11,41.49,47.3,1,1,0.322,0.323,0.659,1
2,O2,Spain,Germany,1,4.25,1,11.92,0.245,1.5854,3.448,83.548,29.05,0.86,235.597,73.067,28.5,83.28,84.73,89.05,85.41,59.04,50.74,54.89,1,1,0.168,0.164,0.657,1
2,O2,Spain,Slovakia,1,11,1,10.369,5.094,2.0936,5.062,5.388,11.84,0.763,112.032,56.233,29.33,88.05,82.18,80.78,83.88,48.27,29.83,39.05,1,1,0.254,0.255,0.566,1
1,Ooredoo,Qatar,Kuwait,1,4.75,1,4.337,1.49,0.7022,5.899,1.943,36.15,0.786,115.081,98.113,39.73,59.96,81.92,55.86,66.94,42.44,30.85,36.64,4,5,0.66,0.344,0.675,1
1,Ooredoo,Qatar,Qatar,1,5.75,1,0,0,0,10,0.603,61.39,0.809,51.014,96.311,41.1,79.17,65.9,62.45,69.66,51.71,43.77,47.74,6,5,0.746,0.48,0.095,1
5,Ooredoo,Qatar,Algeria,2,13.26,1,7.743,20.777,4.7738,10,31.935,5.28,0.644,13.093,59.919,34,39.72,30.26,60.32,41.91,31.65,16.74,24.2,6,5,0.787,0.787,0.628,1
1,Ooredoo,Qatar,Oman,1,7.25,1,7.363,16.179,0.7724,10,2.216,23.75,0.705,7.328,71.569,39.73,76.05,58.81,43.36,60.67,46.23,24.79,35.51,6,5,0.437,0.357,0.432,1
2,Orange,France,Austria,1,3.5,1,15.887,0.947,0.8777,3.654,8.035,31.57,0.837,97.016,65.8,29.87,87.03,90.25,96.58,90.85,59.28,42.21,50.75,1,1,0.107,0.152,0.415,1
2,Orange,France,United Kingdom,1,4.25,1,9.48,0.488,0.9351,2.529,59.068,27.03,0.866,243.428,78.651,33.5,87.01,87.38,96.06,89.64,63.66,48.27,55.96,1,1,0.121,0.053,0.694,1
5,Orange,France,Madagascar,4,9.25,1,9.252,8.267,8.6339,4.96,15.99,0.97,0.387,27.112,27.121,40.63,43.99,20.66,65.32,41.26,31.2,19.63,25.41,5,4,0.879,0.02,0.519,1
5,Orange,France,Kenya,3,11,1,13.613,11.22,6.1162,5.259,31.706,1.94,0.447,55.26,19.892,48.1,40.4,25.63,83.2,46.75,39.24,19.05,29.15,4,4,0.859,0.886,0.777,1
5,Orange,France,Guinea,4,11.25,1,9.051,10.228,4.0593,5.302,8.821,3.24,0.322,35.848,31.017,39.17,21.75,72.17,41.84,39.29,25.14,15.35,20.25,3,5,0.739,0.773,0.265,1
4,Orange,France,Dominican Republic,2,9.5,1,9.23,7.913,7.1852,4.578,8.731,7.56,0.656,177.243,61.746,50,52.94,49.55,67.67,55.75,34.6,27.27,30.94,2,2,0.429,0.04,0.312,1
2,Orange,France,Netherlands,1,5.75,1,4.509,1.827,0.773,3.158,15.905,31.93,0.878,471.727,76.795,30.74,94.12,88.43,91.17,91.2,60.42,52.2,56.31,1,1,0.105,0.514,0.722,1
2,Orange,France,Slovakia,1,5.5,1,17.882,7.025,1.3501,5.062,5.388,11.84,0.763,112.032,56.233,29.33,88.05,82.18,80.78,83.88,48.27,29.83,39.05,1,1,0.254,0.255,0.566,1
2,Orange,France,Poland,1,5.5,1,8.289,5.47,1.4692,3.578,38.333,10.83,0.784,124.91,61.716,34.49,67.24,77.44,92.62,78.01,46.29,29.74,38.02,1,1,0.118,0.047,0.171,1
5,Orange,France,Egypt,3,8.25,1,8.399,8.155,3.2489,5.055,66.67,4.69,0.612,70.226,42.797,31.1,46.9,46.13,93.23,59.39,35.08,23.34,29.21,6,5,0.184,0.024,0.198,1
5,Orange,France,Senegal,4,10.5,1,9.569,8.229,3.8654,5.599,9.99,1.73,0.381,51.338,40.345,40.29,47.05,34.16,87.18,53.35,30.73,24.38,27.56,2,3,0.694,0.708,0.15,1
5,Orange,France,Ivory Coast,3,11.75,1,9.05,16.98,4.2834,4.942,16.276,2.76,0.395,52.473,43.541,41,38,32.84,66.23,43.88,28.01,26.04,27.02,5,4,0.82,0.784,0.755,1
2,Orange,France,Spain,1,4.25,1,3.385,0.714,0.827,4.212,40.52,24.95,0.825,81.298,76.262,33.38,80.62,83.4,91.44,84.63,52.43,35.19,43.81,1,1,0.417,0.413,0.451,1
5,Orange,France,Cameroon,3,14.5,1,36.37,9.704,4.5563,5.533,16.139,2.45,0.437,32.312,45.542,42.2,31.05,24.6,63.77,37.69,30.59,24.46,27.52,6,6,0.875,0.687,0.664,1
2,Orange,France,France,1,4.25,1,0,0,0,3.789,59.407,27.31,0.849,111.242,75.871,30.6,82.01,84.36,96.14,86.78,55.61,42.9,49.25,1,1,0.103,0.122,0.403,1
5,Orange,France,Mali,4,9.75,1,9.455,11.483,3.2761,6.224,10.412,1.11,0.297,8.989,28.356,39.9,45.33,22.38,75.33,45.13,29.85,22.85,26.35,5,4,0.691,0.839,0.182,1
5,Orange,France,Guinea-Bissau,4,14.75,1,16.398,11.004,4.1116,0.00495,1.288,1,0.388,44.212,36.654,45.61,33.44,21.05,37.56,30,25.14,15.35,20.25,4,4,0.757,0.773,0.34,1
2,Orange,France,Moldova,3,8.25,1,18.68,12.125,2.0618,4.698,4.074,2.42,0.597,126.74,45.803,35.4,65.82,54.04,64.58,61.13,38.4,38.92,38.66,3,3,0.554,0.553,0.56,1
5,Orange,France,Niger,4,11.25,1,8.848,15.395,3.3863,0.01,11.193,0.81,0.255,8.963,16.186,31.45,43.46,23.34,69.92,43.32,31.44,11.38,21.41,3,4,0.652,0.652,0.201,1
1,Orange,France,Jordan,2,9.5,1,5.829,10.196,3.364,6.8,4.801,4.33,0.706,57.832,79.808,36.2,63.85,58.1,80.89,66.42,40.29,32.13,36.21,4,4,0.299,0.295,0.604,1
2,Orange,France,Luxembourg,1,3.75,1,2.755,1.001,0.5205,5.138,0.438,63.39,0.854,168.456,84.216,30.25,99,80.79,59.08,81.27,63.93,41.37,52.65,1,1,0.53,0.644,0.091,1
5,Orange,France,Central African Republic,4,12.5,1,10.666,17.24,4.7097,5.588,3.671,0.31,0.314,6.027,37.639,48,27.79,14.69,38.42,25.88,30.63,14.23,22.43,7,7,0.83,0.833,0.792,1
2,Orange,France,Belgium,1,6.25,1,3.649,0.365,0.558,4.509,10.285,29.69,0.873,338.549,97.128,30.5,93.26,88.99,93.51,91.75,58.44,39.66,49.05,1,1,0.555,0.541,0.213,1
5,Orange,France,Botswana,2,9,1,13.564,24.42,7.8899,6.093,1.769,7.22,0.56,3.05,53.219,60.46,64.49,40.6,55.79,53.27,42.1,20.65,30.51,3,2,0.41,0.411,0.599,1
5,Orange,France,Liberia,4,11.75,1,7.345,11.16,4.5347,0.01,2.945,0.49,0.386,29.947,44.331,33.2,97.32,20.02,43.02,29.85,22.43,30.63,14.23,3,4,0.908,0.904,0.488,1
4,Personal (Telecom Argentina),Argentina,Argentina,2,6.75,0,0,0,0,2.686,37.088,12.52,0.771,13.541,89.142,45.27,40.84,52.7,92.34,59.42,37.29,33.44,35.36,2,2,0.255,0.062,0.224,1
4,Personal (Telecom Argentina),Argentina,Paraguay,2,7.5,0,3.201,1.812,1.3573,4.648,5.405,4.56,0.624,13.347,55.331,49.67,57.83,45.82,76.18,58.45,34.45,27.9,31.17,3,3,0.169,0.598,0.212,1
1,STC,Saudi Arabia,Bahrain,1,9.5,1,6.154,6.203,0.5686,10,0.683,20.6,0.794,936.076,88.372,39.73,87.09,68.5,39.79,67.19,52.73,22.87,37.8,5,5,0.502,0.434,0.553,1
1,STC,Saudi Arabia,Kuwait,1,8.25,1,10.349,22.988,0.5064,5.899,1.943,36.15,0.786,115.081,98.113,39.73,59.96,81.92,55.86,66.94,42.44,30.85,36.64,4,5,0.66,0.344,0.675,1
2,Tele2,Sweden,Sweden,1,3.75,1,0,0,0,3.961,8.88,27.17,0.877,21.621,84.026,25.4,86.07,86.52,95.51,88.84,64.85,59.4,62.12,1,1,0.06,0.197,0.234,1
1,Tele2,Sweden,Kazakhstan,2,10.75,1,29.914,16.436,3.5965,4.294,14.567,7.64,0.685,5.513,55.729,28.8,64.25,42.82,65.7,56.74,39.86,20.77,30.32,6,5,0.617,0.662,0.59,1
2,Tele2,Sweden,Russian Federation,2,13.75,1,26.045,14.293,4.2604,2.03,146.467,8.31,0.72,8.949,73.35,41.54,52.21,69.35,91.71,69.43,40.79,30.91,35.85,6,5,0.245,0.249,0.44,1
2,Tele2,Sweden,Lithuania,1,6.75,1,25.704,4.146,0.8425,5.346,3.48,8.57,0.757,55.832,66.986,34.44,76.41,65.33,71.24,70.89,47.46,29.52,38.49,1,1,0.322,0.322,0.414,1
2,Tele2,Sweden,Latvia,1,5.75,1,70.457,5.285,0.7916,5.602,2.358,8.12,0.728,38.066,68.067,36.4,77.04,68.32,47.77,65.75,47.46,32.14,39.8,1,1,0.587,0.58,0.556,1
2,Tele2,Sweden,Croatia,1,6,1,41.678,3.311,1.8743,5.01,4.461,7.56,0.749,79.163,55.587,30,70.5,70.44,78.17,72.59,45,30.96,37.98,2,2,0.369,0.076,0.445,1
2,Tele2,Sweden,Estonia,1,6.25,1,26.977,4.613,0.6881,4.219,1.361,10.4,0.781,32.956,69.368,33.5,89.73,71.3,65.76,76.32,54.86,43.5,49.18,1,1,0.506,0.494,0.499,1
2,Telekom Austria,Austria,Austria,1,2.5,1,0,0,0,3.654,8.035,31.57,0.837,97.016,65.8,29.87,87.03,90.25,96.58,90.85,59.28,42.21,50.75,1,1,0.107,0.152,0.415,1
2,Telekom Austria,Austria,Croatia,1,4.75,1,32.791,0.861,0.2932,5.01,4.461,7.56,0.749,79.163,55.587,30,70.5,70.44,78.17,72.59,45,30.96,37.98,2,2,0.369,0.076,0.445,1
2,Telekom Austria,Austria,Belarus,2,9.5,1,24.221,3.636,0.7834,10,9.951,12.19,0.681,49.199,69.973,28.3,39.33,58.11,38.71,46.09,37.72,28.13,32.93,7,6,0.322,0.467,0.612,1
2,Telekom Austria,Austria,Bulgaria,2,5,1,26.688,1.597,1.0336,6.483,7.968,6.37,0.713,73.851,68.899,33.8,63.93,56.17,84.51,66.74,44.2,32.64,38.42,2,2,0.402,0.303,0.597,1
2,Telekom Austria,Austria,Macedonia,2,10.25,1,27.232,3.25,0.9194,10,2.059,6.36,0.456,80.016,58.548,44.05,59.31,63.2,48.23,57.69,40.37,26.57,33.47,3,3,0.502,0.502,0.59,1
2,Telekom Slovenije,Slovenia,Macedonia,2,8,1,3.946,1.444,0.7469,10,2.059,6.36,0.456,80.016,58.548,44.05,59.31,63.2,48.23,57.69,40.37,26.57,33.47,3,3,0.502,0.502,0.59,1
2,Telenor,Norway,Sweden,1,3.75,1,9.507,0.914,0.2613,3.961,8.88,27.17,0.877,21.621,84.026,25.4,86.07,86.52,95.51,88.84,64.85,59.4,62.12,1,1,0.06,0.197,0.234,1
1,Telenor,Norway,Bangladesh,3,13.26,1,100.775,8.163,7.1589,5.006,133.556,1.79,0.468,1010.842,23.59,32.13,28.06,22.61,75.1,39.02,29.64,26.47,28.05,3,4,0.045,0.093,0.209,1
2,Telenor,Norway,Bulgaria,2,6.25,1,53.932,3.546,2.3337,6.483,7.968,6.37,0.713,73.851,68.899,33.8,63.93,56.17,84.51,66.74,44.2,32.64,38.42,2,2,0.402,0.303,0.597,1
2,Telenor,Norway,Hungary,1,5.75,1,25.817,3.902,1.7859,4.538,10.21,13.03,0.769,113.936,64.575,34.7,87.55,79.75,89.33,85.16,51.04,45.2,48.12,1,2,0.152,0.03,0.524,1
1,Telenor,Norway,Pakistan,3,13.75,1,36.452,7.465,5.55,3.473,145.345,2.7,0.45,179.695,33.155,30.5,33.82,34.3,83,47.56,25.44,22.57,24,4,5,0.71,0.719,0.385,1
1,Telenor,Norway,Thailand,2,8.75,1,25.71,13.155,8.549,3.718,62.706,7.06,0.649,123.232,31.391,39.75,67.54,50.54,79.25,64.49,43.33,31.93,37.63,6,5,0.634,0.634,0.099,1
2,Telia,Sweden,Sweden,1,3.75,1,0,0,0,3.961,8.88,27.17,0.877,21.621,84.026,25.4,86.07,86.52,95.51,88.84,64.85,59.4,62.12,1,1,0.06,0.197,0.234,1
2,Telia,Sweden,Estonia,1,5.25,1,26.977,4.613,0.9356,4.219,1.361,10.4,0.781,32.956,69.368,33.5,89.73,71.3,65.76,76.32,54.86,43.5,49.18,1,1,0.506,0.494,0.499,1
5,Tigo (Millicom),Luxembourg,Tanzania,4,10.5,1,21.264,8.558,6.8032,4.1,34.458,0.68,0.391,38.584,22.309,40.28,38.82,18.38,55.17,35.78,30.45,31.93,26.88,4,3,0.735,0.898,0.633,1
5,Tigo (Millicom),Luxembourg,Chad,4,14.01,1,3.498,10.476,4.0399,6.184,8.461,3.83,0.3,6.625,21.637,39.8,28.31,13.73,35.18,24.82,30.63,14.23,22.43,7,6,0.83,0.833,0.792,1
5,Tigo (Millicom),Luxembourg,Rwanda,4,9.25,1,17.851,11.344,6.1972,10,8.578,0.99,0.332,325.322,14.926,51.34,31.31,24.02,67.15,38.5,34.73,17,25.86,6,6,0.324,0,0.507,1
5,Tigo (Millicom),Luxembourg,Ghana,3,7,1,9.001,7.399,4.7098,4.03,19.059,1.36,0.485,83.233,43.929,42.2,51.69,28.37,84.23,52.05,39.84,25.12,32.48,1,2,0.673,0.673,0.799,1
4,Tigo (Millicom),Luxembourg,Guatemala,3,8,1,6.496,8.377,9.1599,3.444,11.342,5.53,0.546,108.723,45.127,54.9,57.47,43.13,77.7,57.75,33.18,25.49,29.33,4,4,0.512,0.459,0.375,1
4,Tigo (Millicom),Luxembourg,Colombia,2,7.5,1,7.298,5.957,8.83,4.93,40.228,7.64,0.653,36.416,72.075,55.9,49.64,46.88,79.63,56.89,38.72,25.92,32.32,3,4,0.601,0.019,0.148,1
4,Tigo (Millicom),Luxembourg,El Salvador,3,8,1,7.337,10.018,9.208,3.583,5.972,5.19,0.615,283.187,58.912,45.93,63.93,52.99,77.57,63.65,34.6,23.67,29.14,2,3,0.198,0,0.356,1
4,Tigo (Millicom),Luxembourg,Paraguay,2,8,1,10.286,6.426,10.2688,4.648,5.405,4.56,0.624,13.347,55.331,49.67,57.83,45.82,76.18,58.45,34.45,27.9,31.17,3,3,0.169,0.598,0.212,1
4,Tigo (Millicom),Luxembourg,Honduras,3,8,1,7.104,9.533,8.9397,10,6.3,3.06,0.557,58.31,45.458,51.56,65.44,44.58,69.24,58.79,33.08,22.53,27.81,4,4,0.187,0.055,0.236,1
4,Tigo (Millicom),Luxembourg,Bolivia,3,8,1,6.732,5.888,10.1707,4.907,8.582,3.35,0.607,7.698,61.834,49.7,55.95,34.24,76.98,53.73,30.37,20.51,25.44,3,3,0.74,0.224,0.209,1
5,Tigo (Millicom),Luxembourg,Senegal,4,13.26,1,5.505,6.713,4.3823,5.599,9.99,1.73,0.381,51.338,40.345,40.29,47.05,34.16,87.18,53.35,30.73,24.38,27.56,2,3,0.694,0.708,0.15,1
1,Turkcell,Turkey,Cyprus,1,8.25,0,14.582,1.052,0.4795,5.305,0.952,5.19,0.8,102.087,68.648,31.1,88.07,77.35,59.05,76.11,52.38,40.52,46.45,1,1,0.094,0.396,0.396,1
2,Turkcell,Turkey,Belarus,2,9.25,0,23.754,5.942,2.7478,10,9.951,12.19,0.681,49.199,69.973,28.3,39.33,58.11,38.71,46.09,37.72,28.13,32.93,7,6,0.322,0.467,0.612,1
2,Turkcell,Turkey,Ukraine,3,14.75,0,15.635,7.646,1.1387,4.232,48.839,5.64,0.673,84.881,67.145,28.93,51.46,57.46,79.21,61.33,39.59,30.42,35.01,4,3,0.474,0.474,0.616,1
1,Unitel,Mongolia,Laos,3,10.25,0,4.541,5.008,3.1172,10,5.429,1.78,0.55,23.091,21.977,37.89,47.62,24.35,37.04,29.78,44.76,30.28,37.52,7,6,0.514,0.638,0.545,1
1,Unitel,Mongolia,Mongolia,3,9,0,0,0,0,6.131,2.409,2.01,0.588,1.543,57.133,33.08,69,28.98,68.83,54.18,42.31,24.49,33.4,1,2,0.368,0.373,0.08,1
2,Vodafone,United Kingdom,United Kingdom,1,3.75,1,0,0,0,2.529,59.068,27.03,0.866,243.428,78.651,33.5,87.01,87.38,96.06,89.64,63.66,48.27,55.96,1,1,0.121,0.053,0.694,1
2,Vodafone,United Kingdom,Ireland,1,4,1,2.804,3.144,0.4125,5.213,3.835,31.39,0.857,55.236,59.146,33.6,95.71,76.26,87.36,86.23,65.53,42.67,54.1,1,1,0.121,0.031,0.155,1
2,Vodafone,United Kingdom,Italy,1,3.75,1,10.175,0.886,1.6507,4.162,57.093,27.14,0.828,193.608,67.222,34.3,73.85,78.49,94.5,81.26,47.88,33.49,40.69,1,1,0.115,0.115,0.303,1
5,Vodafone,United Kingdom,Uganda,4,14.5,1,1.169,10.691,6.6699,8.105,24.682,1.09,0.396,120.311,12.082,44.2,48.66,22.76,71.86,45.49,29.86,22.87,26.37,5,4,0.93,0.923,0.633,1
5,Vodafone,United Kingdom,Tanzania,4,6.25,1,15.113,10.464,7.5174,4.1,34.458,0.68,0.391,38.584,22.309,40.28,38.82,18.38,55.17,35.78,30.45,31.93,26.88,4,3,0.735,0.898,0.633,1
1,Vodafone,United Kingdom,India,3,10.5,1,7.863,10.37,7.5188,1.706,1050.881,2.69,0.494,354.182,27.667,35.15,42.23,29.66,90.67,50.94,36.47,32.56,34.52,2,3,0.418,0.807,0.326,1
5,Vodafone,United Kingdom,Ghana,3,11,1,6.649,9.248,5.1211,4.03,19.059,1.36,0.485,83.233,43.929,42.2,51.69,28.37,84.23,52.05,39.84,25.12,32.48,1,2,0.673,0.673,0.799,1
2,Vodafone,United Kingdom,Netherlands,1,3.5,1,6.763,2.269,0.5422,3.158,15.905,31.93,0.878,471.727,76.795,30.74,94.12,88.43,91.17,91.2,60.42,52.2,56.31,1,1,0.105,0.514,0.722,1
2,Vodafone,United Kingdom,Czech Republic,1,8.5,1,25.11,3.143,1.2883,4.401,10.241,8.82,0.821,132.717,73.988,27.5,85.09,79.89,84.7,83.06,53.11,41.49,47.3,1,1,0.322,0.323,0.659,1
2,Vodafone,United Kingdom,Germany,1,3.5,1,13.348,0.616,0.8158,3.448,83.548,29.05,0.86,235.597,73.067,28.5,83.28,84.73,89.05,85.41,59.04,50.74,54.89,1,1,0.168,0.164,0.657,1
3,Vodafone,United Kingdom,Fiji,2,8.25,1,6.701,10.888,16.0231,10,0.813,5.78,0.683,44.402,47.908,42.78,47.59,50.1,66.56,53.75,36.96,18.87,27.92,6,4,0.548,0.548,0.568,1
5,Vodafone,United Kingdom,Egypt,3,6.75,1,11.303,6.619,3.9816,5.055,66.67,4.69,0.612,70.226,42.797,31.1,46.9,46.13,93.23,59.39,35.08,23.34,29.21,6,5,0.184,0.024,0.198,1
2,Vodafone,United Kingdom,Spain,1,3.5,1,6.089,1.117,1.5658,4.212,40.52,24.95,0.825,81.298,76.262,33.38,80.62,83.4,91.44,84.63,52.43,35.19,43.81,1,1,0.417,0.413,0.451,1
5,Vodafone,United Kingdom,South Africa,2,4.5,1,6.635,19.276,9.5738,5.236,45.18,8.44,0.629,37.01,56.891,64.79,64.88,44.77,83.53,62.6,46.37,24.07,35.22,2,2,0.752,0.865,0.86,1
1,Vodafone,United Kingdom,Cyprus,1,9,1,7.846,4.205,3.4354,5.305,0.952,5.19,0.8,102.087,68.648,31.1,88.07,77.35,59.05,76.11,52.38,40.52,46.45,1,1,0.094,0.396,0.396,1
2,Vodafone,United Kingdom,Hungary,1,6,1,6.911,2.839,1.7321,4.538,10.21,13.03,0.769,113.936,64.575,34.7,87.55,79.75,89.33,85.16,51.04,45.2,48.12,1,2,0.152,0.03,0.524,1
2,Vodafone,United Kingdom,Ukraine,3,7.25,1,15.968,7.186,2.3962,4.232,48.839,5.64,0.673,84.881,67.145,28.93,51.46,57.46,79.21,61.33,39.59,30.42,35.01,4,3,0.474,0.474,0.616,1
2,Vodafone,United Kingdom,Albania,2,10.5,1,19.908,6.24,2.1818,10,3.296,3.18,0.662,112.738,41.741,31.5,29.02,36.02,59.5,40.01,40.51,20.43,30.47,3,3,0.22,0.04,0.472,1
3,Vodafone,United Kingdom,Australia,1,2.75,1,8.937,1.992,15.3109,3.473,19.373,30.24,0.899,2.493,87.165,34.01,73.95,84.97,89.05,82.18,62.81,36.89,49.85,1,1,0.093,0.335,0.821,1
3,Vodafone,United Kingdom,Australia,1,5.25,1,8.937,1.992,15.3109,3.473,19.373,30.24,0.899,2.493,87.165,34.01,73.95,84.97,89.05,82.18,62.81,36.89,49.85,1,1,0.093,0.335,0.821,1
5,Vodafone,United Kingdom,Lesotho,3,7.75,1,6.242,16.477,9.749,10,1.864,1.77,0.443,61.551,19.548,54.18,57.97,27.83,34.94,40.49,34.84,16.54,25.69,3,3,0.255,0.254,0.721,1
2,Vodafone,United Kingdom,Malta,1,6.25,1,15.303,4.463,2.3951,7.005,0.408,19.44,0.783,1219.022,92.368,27.4,92.16,77.47,47.77,74.5,55.27,56.98,56.13,1,1,0.041,0.091,0.122,1
1,Vodafone,United Kingdom,Qatar,1,9,1,3.953,34.224,5.373,10,0.603,61.39,0.809,51.014,96.311,41.1,79.17,65.9,62.45,69.66,51.71,43.77,47.74,6,5,0.746,0.48,0.095,1
2,Vodafone,United Kingdom,Portugal,1,3.75,1,5.808,1.268,1.6764,3.602,10.328,19.61,0.782,112.458,54.399,38.9,84.03,84.79,91.82,86.46,50.32,34.47,42.4,1,1,0.047,0.02,0.144,1
3,Vodafone,United Kingdom,Solomon Islands,3,11.25,1,6.58,8.83,14.6426,10,0.418,1.32,0.442,14.741,15.813,48,64.14,25.46,23.36,24.56,35.75,34.02,34.89,3,3,0.157,0.466,0.628,1
5,Vodafone,United Kingdom,Mozambique,4,9.5,1,18.147,13.41,8.7843,10,18.531,1.25,0.298,22.976,29.098,45.6,48.39,28.14,64.47,45.35,31.67,20.99,26.33,4,4,0.693,0.813,0.676,1
3,Vodafone,United Kingdom,New Zealand,1,5,1,6.687,1.921,18.5617,5.205,3.882,21.44,0.868,14.651,85.677,33,83.1,75.14,77.14,78.52,60.97,46.61,53.79,1,1,0.397,0.166,0.811,1
2,Vodafone,United Kingdom,Iceland,1,7.25,1,97.355,2.007,1.5129,5.757,0.283,31.49,0.854,2.805,92.401,28.7,75.08,71.11,72.32,72.85,62.48,47.72,55.1,1,1,0.08,0.082,0.191,1
2,Vodafone,United Kingdom,Greece,1,4,1,46.223,0.68,2.462,3.391,11,20.71,0.801,83.831,72.716,33.6,75.14,80.76,89.11,81.07,42.48,25.89,34.18,1,2,0.158,0.03,0.153,1
2,WIND,Italy,Italy,1,4.25,1,0,0,0,4.162,57.093,27.14,0.828,193.608,67.222,34.3,73.85,78.49,94.5,81.26,47.88,33.49,40.69,1,1,0.115,0.115,0.303,1
4,WIND,Italy,Canada,1,9.25,1,7.415,3.658,6.8516,2.341,30.842,31.47,0.867,3.384,79.478,31.7,78.76,90.72,93.21,87.16,64.41,48.26,56.33,1,1,0.712,0.577,0.696,1
2,WIND,Italy,Greece,1,3.75,1,38.694,0.416,0.8807,3.391,11,20.71,0.801,83.831,72.716,33.6,75.14,80.76,89.11,81.07,42.48,25.89,34.18,1,2,0.158,0.03,0.153,1
2,Zain,Kuwait,Romania,2,4.25,1,21.818,25.558,2.5753,4.775,22.349,6.15,0.708,97.701,53.004,30.04,59.68,53.14,88.59,65.24,41.8,31.86,36.83,2,2,0.307,0.172,0.237,1
1,Zain,Kuwait,Jordan,2,10.5,1,1.828,17.821,0.9521,6.8,4.801,4.33,0.706,57.832,79.808,36.2,63.85,58.1,80.89,66.42,40.29,32.13,36.21,4,4,0.299,0.295,0.604,1
1,Zain,Kuwait,Bahrain,1,3.25,1,7.329,6.974,0.6126,10,0.683,20.6,0.794,936.076,88.372,39.73,87.09,68.5,39.79,67.19,52.73,22.87,37.8,5,5,0.502,0.434,0.553,1
1,Zain,Kuwait,Saudi Arabia,1,8,1,10.349,22.988,0.5064,10,20.518,19.21,0.742,9.659,79.848,45,62.73,73.58,57.24,65.22,45.94,26.94,36.44,7,6,0.18,0.095,0.127,1
1,Zain,Kuwait,Kuwait,1,4.25,1,0,0,0,5.899,1.943,36.15,0.786,115.081,98.113,39.73,59.96,81.92,55.86,66.94,42.44,30.85,36.64,4,5,0.66,0.344,0.675,1
2,Zain,Kuwait,Portugal,1,4.75,1,6.578,25.737,4.9806,3.602,10.328,19.61,0.782,112.458,54.399,38.9,84.03,84.79,91.82,86.46,50.32,34.47,42.4,1,1,0.047,0.02,0.144,1
1,Zain,Kuwait,Iraq,2,14.26,1,4.872,24.859,0.4237,10,24.159,5.4,0.607,53.88,68.496,28.6,58,26.19,55.39,38.68,33.24,19.04,26.14,6,6,0.369,0.369,0.484,1
1,Zain,Kuwait,Lebanon,2,11.25,1,8.149,16.752,1.0555,5,3.296,7.51,0.733,316.263,86,31.8,65.54,69.53,60.76,65.7,40.88,33.34,37.11,5,4,0.131,0.131,0.789,1
2,3 (CK Hutchison),Hong Kong,United Kingdom,1,4.05,0,6.965,7.351,9.5956,2.249,61.884,32.18,0.895,257.414,81.031,34.67,85.47,87.58,94.95,88.87,63.66,48.27,55.96,1,1,0.121,0.053,0.694,0
1,3 (CK Hutchison),Hong Kong,Indonesia,3,5.8,0,41.872,12.7,3.0996,3.215,239.082,5.19,0.656,132.118,49.124,34.11,59.36,33.54,85.28,56.97,33.57,21.99,27.78,2,3,0.735,0.768,0.234,0
1,3 (CK Hutchison),Hong Kong,Hong Kong,1,2.55,0,0,0,0,2.161,7.028,43.12,0.894,6640.762,100,32.6,54.31,54.09,84.15,62.46,68.57,45.08,56.82,5,5,0.062,0.213,0.419,0
2,3 (CK Hutchison),Hong Kong,Ireland,1,4.3,0,4.415,2.822,9.9822,3.23,4.439,41.62,0.907,65.835,61.569,32.7,93.98,92.4,90.16,92.34,65.53,42.67,54.1,1,1,0.121,0.031,0.155,0
2,3 (CK Hutchison),Hong Kong,Austria,1,3.05,0,2.603,9.592,8.9912,3.177,8.387,36.03,0.872,101.036,65.847,31.5,85.35,91.56,97.08,90.88,59.28,42.21,50.75,1,1,0.107,0.152,0.415,0
2,3 (CK Hutchison),Hong Kong,Sweden,1,2.05,0,21.737,8.685,8.3081,3.218,9.346,32.96,0.895,22.661,84.902,26.61,86.16,86.04,95.12,88.58,64.85,59.4,62.12,1,1,0.06,0.197,0.234,0
2,3 (CK Hutchison),Hong Kong,Italy,1,3.55,0,15.473,11.318,9.2263,2.894,60.365,28.82,0.869,200.909,68.209,33.5,73.18,78.99,98.41,82.28,47.88,33.49,40.69,1,1,0.115,0.115,0.303,0
1,Airtel (Bharti Airtel),India,India,3,4.05,0,0,0,0,1.533,1197.881,3.83,0.569,408.407,30.587,35.15,42.23,29.66,90.67,50.94,36.47,32.56,34.52,2,3,0.418,0.807,0.326,0
5,Airtel (Bharti Airtel),India,Seychelles,1,5.05,0,4.255,4.075,3.597,5.21,0.091,18.19,0.74,189.778,52.041,42.77,78.67,55.2,36.02,58.25,44.45,32.68,38.6,3,3,0.203,0.161,0.232,0
5,Airtel (Bharti Airtel),India,Rwanda,4,5.05,0,24.912,5.21,5.6842,6.305,10.683,1.14,0.454,404.436,22.988,51.34,31.31,24.02,67.15,38.5,34.73,17,25.86,6,6,0.324,0,0.507,0
5,Airtel (Bharti Airtel),India,Gabon,2,6.05,0,4.958,3.868,7.4823,3.882,1.538,7.86,0.66,6.158,85.313,42.2,47.47,40.08,71.03,51.24,41.2,20.54,30.87,6,4,0.786,0.808,0.097,0
1,Axiata,Malaysia,Indonesia,3,5.05,0,41.51,0.442,5.4656,3.215,239.082,5.19,0.656,132.118,49.124,34.11,59.36,33.54,85.28,56.97,33.57,21.99,27.78,2,3,0.735,0.768,0.234,0
1,Axiata,Malaysia,Malaysia,2,3.55,0,0,0,0,3.175,28.033,17.89,0.653,84.022,70.075,46.26,75.09,76.46,83.15,77.82,52.94,35.17,44.05,4,4,0.588,0.597,0.666,0
1,Axiata,Malaysia,Cambodia,3,4.3,0,11.226,2.807,3.0841,2.538,14.255,2.82,0.519,79.822,19.666,34.65,62.29,22.2,57.75,46.24,31.24,19.68,25.46,6,5,0.211,0.21,0.097,0
1,Axiata,Malaysia,Bhutan,3,4.05,0,5.123,1.354,1.6075,6.816,0.711,5.14,0.572,18.744,34.01,38.81,54.2,31.91,21.98,37.08,39.76,23.89,31.8,4,5,0.605,0.606,0.379,0
1,Axiata,Malaysia,Sri Lanka,3,3.3,0,1.864,1.905,1.5104,3.008,20.68,6.05,0.739,318.418,18.333,36.39,39.81,41.27,74.53,49.92,33.2,27.53,30.36,5,4,0.415,0.465,0.485,0
2,Beeline (VimpelCom),Russia,Russian Federation,2,3.8,0,0,0,0,2.324,143.654,13.41,0.773,8.719,73.642,39.69,51.67,68.89,92.73,69.35,40.79,30.91,35.85,6,5,0.245,0.249,0.44,0
1,Beeline (VimpelCom),Russia,Georgia,2,5.3,0,9.855,2.07,8.1078,3.666,4.395,8.88,0.738,69.597,52.723,41.7,76.68,52.88,49.44,60.38,38.54,25.2,31.87,4,4,0.492,0.475,0.654,0
1,Beeline (VimpelCom),Russia,Uzbekistan,3,5.3,0,11.782,6.386,6.4698,3.561,27.581,2.08,0.657,65.274,36.235,35,40.69,38.2,44.04,40.69,33.23,14.65,23.94,7,7,0.413,0.412,0.213,0
1,China Mobile,Hong Kong,Hong Kong,1,2.55,0,0,0,0,2.161,7.028,43.12,0.894,6640.762,100,32.6,54.31,54.09,84.15,62.46,68.57,45.08,56.82,5,5,0.062,0.213,0.419,0
1,China Mobile,Hong Kong,China,2,4.05,0,9.307,6.584,1.6765,5.648,1355.535,2.23,0.691,141.801,47.88,34,49.45,53.36,84.55,60.57,46.08,46.77,46.43,1,1,0.186,0.187,0.384,0
4,Claro (América Móvil),Mexico,Honduras,3,5.3,0,5.118,0.639,1.8568,4.888,7.546,3.69,0.606,71.812,51.07,51.56,65.44,44.58,69.24,58.79,33.08,22.53,27.81,4,4,0.187,0.055,0.236,0
4,Claro (América Móvil),Mexico,Nicaragua,3,5.8,0,4.074,0.213,2.1133,5.548,5.783,2.18,0.614,47.088,56.974,45.73,59.02,44.98,56.79,53.22,31.13,20.44,25.78,4,3,0.484,0.047,0.429,0
4,Claro (América Móvil),Mexico,Argentina,2,5.55,0,5.006,1.904,7.5135,3.211,40.199,15.27,0.802,14.908,90.795,45.27,40.84,52.7,92.34,59.42,37.29,33.44,35.36,2,2,0.255,0.062,0.224,0
4,Claro (América Móvil),Mexico,Chile,1,3.8,0,7.217,1.17,6.7682,3.578,17.071,11.83,0.815,22.634,88.375,49,82.08,53.01,88.94,73.24,48.09,29.6,38.84,1,1,0.186,0.187,0.384,0
4,Claro (América Móvil),Mexico,Panama,2,5.8,0,4.264,0.366,2.8165,4.008,3.647,9.14,0.756,48.149,64.828,52.03,80.45,60.63,60.74,67.7,40.73,20.82,30.77,1,2,0.553,0.387,0.334,0
4,Claro (América Móvil),Mexico,Ecuador,2,6.05,0,3.724,0.264,3.8482,5.637,14.879,6.03,0.703,59.153,62.495,49.3,40.64,45.73,80.64,53.55,32.57,24.94,28.75,3,3,0.655,0.131,0.142,0
4,Claro (América Móvil),Mexico,Dominican Republic,2,3.8,0,12.054,0.389,3.2807,4.205,9.951,9.67,0.697,202.189,72.541,48.9,55.56,53.05,56.88,55,34.6,27.27,30.94,2,2,0.429,0.04,0.312,0
4,Claro (América Móvil),Mexico,Uruguay,2,4.3,0,23.019,4.343,7.9185,0.00455,3.366,12.92,0.777,19.214,94.209,46,67.51,53.97,84.93,67.32,40.26,29.27,34.76,1,1,0.482,0.304,0.437,0
4,Claro (América Móvil),Mexico,Colombia,2,4.3,0,4.371,0.763,3.8592,5.267,46.124,11.13,0.695,40.934,74.749,55.9,49.64,46.88,79.63,56.89,38.72,25.92,32.32,3,4,0.601,0.019,0.148,0
4,Claro (América Móvil),Mexico,Peru,2,4.55,0,4.533,0.292,4.6397,4.731,29.099,6.4,0.708,22.657,76.552,47.96,74.14,43.41,84.1,65.54,39.06,21.63,30.34,2,3,0.657,0.336,0.199,0
4,Claro (América Móvil),Mexico,Costa Rica,2,5.3,0,5.182,0.635,2.4008,10,4.636,4.27,0.749,87.902,70.573,50.97,66.21,61.94,59.45,62.77,42.22,33.6,37.91,1,1,0.237,0.049,0.241,0
2,Deutsche Telekom,Germany,Austria,1,1.05,1,0.939,0.814,0.5157,3.177,8.387,36.03,0.872,101.036,65.847,31.5,85.35,91.56,97.08,90.88,59.28,42.21,50.75,1,1,0.107,0.152,0.415,0
2,Deutsche Telekom,Germany,Netherlands,1,4.05,1,10.955,2.382,0.2794,3.841,16.588,34.39,0.906,490.08,86.242,28.38,91.9,89.43,93.23,91.35,60.42,52.2,56.31,1,1,0.105,0.514,0.722,0
2,Deutsche Telekom,Germany,Czech Republic,1,4.05,1,30.974,4.678,0.4818,3.475,10.52,23.07,0.859,135.197,73.324,26.2,84.31,82.17,86.4,84.1,53.11,41.49,47.3,1,1,0.322,0.323,0.659,0
2,Deutsche Telekom,Germany,Croatia,1,2.3,1,35.458,0.918,0.8089,4.168,4.344,9.67,0.803,79.147,57.287,32.6,71.82,71.2,85.52,75.37,45,30.96,37.98,2,2,0.369,0.076,0.445,0
2,Deutsche Telekom,Germany,Germany,1,1.54,1,0,0,0,2.829,83.1,31.31,0.907,234.94,74.093,31.2,78.65,85.6,91.87,84.86,59.04,50.74,54.89,1,1,0.168,0.164,0.657,0
2,Deutsche Telekom,Germany,Slovakia,1,4.05,1,20.317,8.158,0.7966,4.225,5.429,17.29,0.822,112.007,54.96,26.02,84.04,83.92,83.95,83.97,48.27,29.83,39.05,1,1,0.254,0.255,0.566,0
2,Deutsche Telekom,Germany,Slovakia,1,4.05,1,20.317,8.158,0.7966,4.225,5.429,17.29,0.822,112.007,54.96,26.02,84.04,83.92,83.95,83.97,48.27,29.83,39.05,1,1,0.254,0.255,0.566,0
2,Deutsche Telekom,Germany,Poland,1,4.55,1,9.839,5.777,0.7697,2.886,38.196,14.49,0.822,124.564,61.004,33.58,72.31,78.05,94.16,80.45,46.29,29.74,38.02,1,1,0.118,0.047,0.171,0
3,Digicel,Jamaica,Fiji,2,4.8,0,0.987,6.656,12.4261,7.352,0.857,5.82,0.706,46.632,51.44,42.78,47.59,50.1,66.56,53.75,36.96,18.87,27.92,6,4,0.548,0.548,0.568,0
3,Digicel,Jamaica,Papua New Guinea,3,4.55,0,4.097,4.317,15.0231,5.755,6.782,2.21,0.485,15.341,13.037,41.8,65.34,22.01,58.47,47.45,32.93,26.8,29.87,4,3,0.272,0.353,0.552,0
4,Digicel,Jamaica,Antigua and Barbuda,1,3.05,0,3.571,3.179,1.6704,3.962,0.087,18.48,0.783,212.684,26.819,39.73,71.91,56.57,17.88,40.03,38.64,24.49,31.56,2,2,0.164,0.106,0.684,0
3,Digicel,Jamaica,Vanuatu,3,6.3,0,1.418,3.778,13.2083,5.734,0.234,5.58,0.59,18.932,24.286,37.3,62.95,32.76,27.75,42.1,35.75,34.02,34.89,2,2,0.041,0.579,0.704,0
2,Elisa,Finland,Finland,1,1.05,1,0,0,0,3.31,5.356,32.49,0.874,17.568,83.429,27.5,82,84.19,90.25,85.08,55.61,50.29,57.5,1,1,0.132,0.141,0.253,0
2,Elisa,Finland,Estonia,1,3.55,1,123.458,1.137,0.5566,3.591,1.301,18.88,0.833,31.482,68.223,31.4,86.8,73.23,72.15,77.75,54.86,43.5,49.18,1,1,0.506,0.494,0.499,0
4,Entel,Chile,Chile,1,4.3,0,0,0,0,3.578,17.071,11.83,0.815,22.634,88.375,49,82.08,53.01,88.94,73.24,48.09,29.6,38.84,1,1,0.186,0.187,0.384,0
4,Entel,Chile,Peru,2,5.05,0,3.116,0.703,2.2863,4.731,29.099,6.4,0.708,22.657,76.552,47.96,74.14,43.41,84.1,65.54,39.06,21.63,30.34,2,3,0.657,0.336,0.199,0
4,Entel,Chile,Bolivia,3,3.05,0,2.892,2.667,1.5708,3.444,10.075,3.78,0.643,9.008,65.991,49.7,55.95,34.24,76.98,53.73,30.37,20.51,25.44,3,3,0.74,0.224,0.209,0
1,Etisalat,UAE,Sri Lanka,3,6.3,1,1.846,28.842,3.4474,3.008,20.68,6.05,0.739,318.418,18.333,36.39,39.81,41.27,74.53,49.92,33.2,27.53,30.36,5,4,0.415,0.465,0.485,0
1,Etisalat,UAE,United Arab Emirates,1,3.8,1,0,0,0,5.723,8.08,51.35,0.826,91.703,83.723,39.73,88.24,82.26,51.1,75.79,54.38,29.61,41.99,6,6,0.625,0.487,0.331,0
4,Flow (Liberty Global),Jamaica,Antigua and Barbuda,1,5.05,0,3.571,3.179,1.6704,3.962,0.087,18.48,0.783,212.684,26.819,39.73,71.91,56.57,17.88,40.03,38.64,24.49,31.56,2,2,0.164,0.106,0.684,0
2,MegaFon,Russia,Russian Federation,2,2.55,0,0,0,0,2.324,143.654,13.41,0.773,8.719,73.642,39.69,51.67,68.89,92.73,69.35,40.79,30.91,35.85,6,5,0.245,0.249,0.44,0
1,MegaFon,Russia,Georgia,2,3.3,0,9.855,2.07,4.2661,3.666,4.395,8.88,0.738,69.597,52.723,41.7,76.68,52.88,49.44,60.38,38.54,25.2,31.87,4,4,0.492,0.475,0.654,0
4,Movistar (Telefónica),Spain,Nicaragua,3,5.8,1,4.756,9.298,8.3329,5.548,5.783,2.18,0.614,47.088,56.974,45.73,59.02,44.98,56.79,53.22,31.13,20.44,25.78,4,3,0.484,0.047,0.429,0
4,Movistar (Telefónica),Spain,Argentina,2,5.3,1,7.89,2.652,10.287,3.211,40.199,15.27,0.802,14.908,90.795,45.27,40.84,52.7,92.34,59.42,37.29,33.44,35.36,2,2,0.255,0.062,0.224,0
4,Movistar (Telefónica),Spain,Chile,1,4.05,1,3.383,4.454,10.4165,3.578,17.071,11.83,0.815,22.634,88.375,49,82.08,53.01,88.94,73.24,48.09,29.6,38.84,1,1,0.186,0.187,0.384,0
4,Movistar (Telefónica),Spain,Panama,2,5.3,1,7.426,6.02,8.1855,4.008,3.647,9.14,0.756,48.149,64.828,52.03,80.45,60.63,60.74,67.7,40.73,20.82,30.77,1,2,0.553,0.387,0.334,0
4,Movistar (Telefónica),Spain,Ecuador,2,5.55,1,7.827,6.504,8.7678,5.637,14.879,6.03,0.703,59.153,62.495,49.3,40.64,45.73,80.64,53.55,32.57,24.94,28.75,3,3,0.655,0.131,0.142,0
4,Movistar (Telefónica),Spain,Uruguay,2,4.8,1,14.121,2.071,9.7296,0.00455,3.366,12.92,0.777,19.214,94.209,46,67.51,53.97,84.93,67.32,40.26,29.27,34.76,1,1,0.482,0.304,0.437,0
4,Movistar (Telefónica),Spain,Colombia,2,4.05,1,7.704,7.366,7.867,5.267,46.124,11.13,0.695,40.934,74.749,55.9,49.64,46.88,79.63,56.89,38.72,25.92,32.32,3,4,0.601,0.019,0.148,0
4,Movistar (Telefónica),Spain,Peru,2,4.3,1,7.426,6.997,9.2427,4.731,29.099,6.4,0.708,22.657,76.552,47.96,74.14,43.41,84.1,65.54,39.06,21.63,30.34,2,3,0.657,0.336,0.199,0
4,Movistar (Telefónica),Spain,Costa Rica,2,4.8,1,6.846,7.816,8.4564,10,4.636,4.27,0.749,87.902,70.573,50.97,66.21,61.94,59.45,62.77,42.22,33.6,37.91,1,1,0.237,0.049,0.241,0
4,Movistar (Telefónica),Spain,Venezuela,2,5.3,1,8.414,6.94,7.0737,3.719,28.813,12.03,0.754,32.41,88.728,41.6,39.24,51.97,67.05,51.61,29.48,25.35,27.41,5,4,0.497,0.069,0.135,0
2,Movistar (Telefónica),Spain,Spain,1,3.8,1,0,0,0,3.319,45.968,31.45,0.86,92.975,78.21,35.39,77.1,83.44,96.2,84.71,52.43,35.19,43.81,1,1,0.417,0.413,0.451,0
4,Movistar (Telefónica),Spain,Guatemala,3,5.05,1,6.846,9.527,8.6044,3.799,14.165,6.09,0.602,133.597,48.884,54.9,58.49,43.48,81.94,59.41,33.18,25.49,29.33,4,4,0.512,0.459,0.375,0
4,Movistar (Telefónica),Spain,Mexico,2,3.3,1,13.791,8.146,9.0397,5.529,117.155,11.2,0.739,59.418,77.527,48.23,59.34,53.78,72.02,60.78,37.47,23.42,30.45,3,3,0.542,0.151,0.18,0
5,MTN,South Africa,Rwanda,4,5.05,0,20.445,17.951,3.0725,6.305,10.683,1.14,0.454,404.436,22.988,51.34,31.31,24.02,67.15,38.5,34.73,17,25.86,6,6,0.324,0,0.507,0
1,MTN,South Africa,Iran,2,0.29,0,7.218,15.514,7.4516,4.959,74.003,10.41,0.735,45.242,70.045,42,26.86,34.13,67.14,40.65,33.24,19.04,26.14,6,6,0.668,0.746,0.115,0
5,MTN,South Africa,Cameroon,3,6.05,0,41.958,10.882,4.1032,5.232,20.364,2.6,0.48,41.109,50.928,42.8,40.51,25.92,70.5,43.39,30.59,24.46,27.52,6,6,0.875,0.687,0.664,0
5,MTN,South Africa,Cameroon,3,6.05,0,41.958,10.882,4.1032,5.232,20.364,2.6,0.48,41.109,50.928,42.8,40.51,25.92,70.5,43.39,30.59,24.46,27.52,6,6,0.875,0.687,0.664,0
1,MTN,South Africa,Cyprus,1,5.3,0,2.326,15.369,7.1875,4.023,1.097,5.59,0.853,118.839,67.695,32.1,88.62,92.06,78.61,87.13,52.38,40.52,46.45,1,1,0.094,0.396,0.396,0
5,MTN,South Africa,Uganda,4,3.55,0,2.765,24.5,3.4469,2.909,33.426,1.17,0.473,164.015,14.189,44.2,48.66,22.76,71.86,45.49,29.86,22.87,26.37,5,4,0.93,0.923,0.633,0
5,MTN,South Africa,South Africa,2,3.3,0,0,0,0,4.145,51.171,10.48,0.63,41.428,61.687,63.01,65.17,46.41,85.66,63.89,46.37,24.07,35.22,2,2,0.752,0.865,0.86,0
2,MTS,Russia,Russian Federation,2,2.8,0,0,0,0,2.324,143.654,13.41,0.773,8.719,73.642,39.69,51.67,68.89,92.73,69.35,40.79,30.91,35.85,6,5,0.245,0.249,0.44,0
1,MTS,Russia,Uzbekistan,3,1.29,0,11.782,6.386,3.2439,3.561,27.581,2.08,0.657,65.274,36.235,35,40.69,38.2,44.04,40.69,33.23,14.65,23.94,7,7,0.413,0.412,0.213,0
4,MTS,Russia,Canada,1,4.05,0,7.036,6.099,6.6168,3.043,33.939,36.17,0.898,3.698,80.758,32,77.18,90.21,93.13,86.39,64.41,48.26,56.33,1,1,0.712,0.577,0.696,0
2,MTS,Russia,Belarus,2,6.05,0,10.359,0.256,4.2655,3.906,9.508,22.59,0.78,46.873,74.172,27.7,43.82,60.56,46.36,50.7,37.72,28.13,32.93,7,6,0.322,0.467,0.612,0
2,O2,Spain,United Kingdom,1,3.8,1,6.089,0.15,1.5658,2.249,61.884,32.18,0.895,257.414,81.031,34.67,85.47,87.58,94.95,88.87,63.66,48.27,55.96,1,1,0.121,0.053,0.694,0
2,O2,Spain,Czech Republic,1,2.8,1,20.514,1.399,1.8737,3.475,10.52,23.07,0.859,135.197,73.324,26.2,84.31,82.17,86.4,84.1,53.11,41.49,47.3,1,1,0.322,0.323,0.659,0
2,O2,Spain,Germany,1,2.3,1,11.92,2.127,1.5854,2.829,83.1,31.31,0.907,234.94,74.093,31.2,78.65,85.6,91.87,84.86,59.04,50.74,54.89,1,1,0.168,0.164,0.657,0
2,O2,Spain,Slovakia,1,2.8,1,10.369,3.939,2.0936,4.225,5.429,17.29,0.822,112.007,54.96,26.02,84.04,83.92,83.95,83.97,48.27,29.83,39.05,1,1,0.254,0.255,0.566,0
2,O2,Spain,Slovakia,1,2.8,1,10.369,3.939,2.0936,4.225,5.429,17.29,0.822,112.007,54.96,26.02,84.04,83.92,83.95,83.97,48.27,29.83,39.05,1,1,0.254,0.255,0.566,0
1,Ooredoo,Qatar,Kuwait,1,3.8,1,4.337,5.024,0.7022,3.877,2.921,42.07,0.79,158.19,98.248,39.73,68.36,81.87,59.79,70.99,42.44,30.85,36.64,4,5,0.66,0.344,0.675,0
1,Ooredoo,Qatar,Qatar,1,3.55,1,0,0,0,7.549,1.657,88.29,0.825,137.018,98.47,41.1,80.42,65.42,71.27,72.36,51.71,43.77,47.74,6,5,0.746,0.48,0.095,0
1,Ooredoo,Qatar,Oman,1,3.3,1,7.363,11.916,0.7724,5.02,2.733,24.7,0.797,9.315,74.624,39.73,76.05,58.81,43.36,60.67,46.23,24.79,35.51,6,5,0.437,0.357,0.432,0
4,Orange,France,Dominican Republic,2,4.05,1,9.23,5.97,7.1852,4.205,9.951,9.67,0.697,202.189,72.541,48.9,55.56,53.05,56.88,55,34.6,27.27,30.94,2,2,0.429,0.04,0.312,0
2,Orange,France,Slovakia,1,4.8,1,17.882,1.802,0.9892,4.225,5.429,17.29,0.822,112.007,54.96,26.02,84.04,83.92,83.95,83.97,48.27,29.83,39.05,1,1,0.254,0.255,0.566,0
2,Orange,France,Poland,1,3.8,1,8.289,4.68,1.4692,2.886,38.196,14.49,0.822,124.564,61.004,33.58,72.31,78.05,94.16,80.45,46.29,29.74,38.02,1,1,0.118,0.047,0.171,0
2,Orange,France,Spain,1,3.8,1,3.385,0.545,0.827,3.319,45.968,31.45,0.86,92.975,78.21,35.39,77.1,83.44,96.2,84.71,52.43,35.19,43.81,1,1,0.417,0.413,0.451,0
5,Orange,France,Cameroon,3,6.05,1,36.37,10.316,4.5563,5.232,20.364,2.6,0.48,41.109,50.928,42.8,40.51,25.92,70.5,43.39,30.59,24.46,27.52,6,6,0.875,0.687,0.664,0
5,Orange,France,Cameroon,3,6.05,1,36.37,10.316,4.5563,5.232,20.364,2.6,0.48,41.109,50.928,42.8,40.51,25.92,70.5,43.39,30.59,24.46,27.52,6,6,0.875,0.687,0.664,0
5,Orange,France,Guinea-Bissau,4,6.05,1,16.398,11.355,4.1116,5.317,1.569,1.23,0.405,53.963,44.342,50.66,26.42,24.17,41.76,29.82,25.14,15.35,20.25,4,4,0.757,0.773,0.34,0
2,Orange,France,Belgium,1,4.3,1,3.649,0.239,0.558,3.411,10.902,33.8,0.878,356.555,97.594,28.5,90.08,90.15,97.67,92.2,58.44,39.66,49.05,1,1,0.555,0.541,0.213,0
2,Orange,France,Romania,2,3.05,1,27.39,4.991,1.7725,3.058,21.887,9.31,0.797,88.531,53.698,28.2,66.77,69.84,90.33,74.4,41.8,31.86,36.83,2,2,0.307,0.172,0.237,0
5,Orange,France,Botswana,2,5.3,1,13.564,37.268,7.8899,4.289,1.961,9.4,0.669,3.494,56.004,60.46,64.49,40.6,55.79,53.27,42.1,20.65,30.51,3,2,0.41,0.411,0.599,0
1,Orange,France,Jordan,2,5.55,1,5.829,8.488,3.364,3.377,6.318,5.16,0.739,76.832,82.22,33.8,65.8,61.43,85.8,69.7,40.29,32.13,36.21,4,4,0.299,0.295,0.604,0
2,Orange,France,Moldova,3,3.05,1,18.68,11.422,2.0618,4.497,3.589,3.49,0.664,124.12,44.936,32.91,62.89,57.45,67.25,62.08,38.4,38.92,38.66,3,3,0.554,0.553,0.56,0
2,Orange,France,Luxembourg,1,3.05,1,2.755,1.102,0.5205,4.09,0.503,77.78,0.884,192.194,88.178,31.53,93.92,81.74,79.44,85.43,63.93,41.37,52.65,1,1,0.53,0.644,0.091,0
2,Orange,France,France,1,3.3,1,0,0,0,3.79,63.06,29.63,0.879,118.174,78.106,29.9,78.57,87.56,97.96,87.23,55.61,42.9,49.25,1,1,0.103,0.122,0.403,0
4,Personal (Telecom Argentina),Argentina,Argentina,2,5.05,0,0,0,0,3.211,40.199,15.27,0.802,14.908,90.795,45.27,40.84,52.7,92.34,59.42,37.29,33.44,35.36,2,2,0.255,0.062,0.224,0
4,Personal (Telecom Argentina),Argentina,Paraguay,2,6.05,0,3.201,1.388,1.3573,4.178,6.404,4.71,0.664,15.424,58.26,49.67,57.83,45.82,76.18,58.45,34.45,27.9,31.17,3,3,0.169,0.598,0.212,0
1,STC,Saudi Arabia,Kuwait,1,2.05,1,10.349,6.262,0.5064,3.877,2.921,42.07,0.79,158.19,98.248,39.73,68.36,81.87,59.79,70.99,42.44,30.85,36.64,4,5,0.66,0.344,0.675,0
1,STC,Saudi Arabia,Bahrain,1,4.3,1,6.154,9.458,0.5686,5.058,1.222,26.31,0.81,1559.249,88.5,39.73,87.55,65.76,45.71,67.97,52.73,22.87,37.8,5,5,0.502,0.434,0.553,0
2,Swisscom,Switzerland,Switzerland,1,3.05,1,0,0,0,4.566,7.787,37.3,0.92,195.967,73.625,32.96,82.69,92.08,92.91,88.97,66.07,58.2,63.82,1,1,0.06,0.197,0.234,0
2,Tele2,Sweden,Sweden,1,1.05,1,0,0,0,3.218,9.346,32.96,0.895,22.661,84.902,26.61,86.16,86.04,95.12,88.58,64.85,59.4,62.12,1,1,0.06,0.197,0.234,0
2,Tele2,Sweden,Russian Federation,2,4.55,1,26.045,10.076,4.2604,2.324,143.654,13.41,0.773,8.719,73.642,39.69,51.67,68.89,92.73,69.35,40.79,30.91,35.85,6,5,0.245,0.249,0.44,0
2,Tele2,Sweden,Netherlands,1,5.3,1,14.605,1.063,1.1927,3.841,16.588,34.39,0.906,490.08,86.242,28.38,91.9,89.43,93.23,91.35,60.42,52.2,56.31,1,1,0.105,0.514,0.722,0
2,Tele2,Sweden,Croatia,1,6.3,1,41.678,1.939,1.8743,4.168,4.344,9.67,0.803,79.147,57.287,32.6,71.82,71.2,85.52,75.37,45,30.96,37.98,2,2,0.369,0.076,0.445,0
2,Tele2,Sweden,Estonia,1,3.3,1,26.977,2.013,0.6881,3.591,1.301,18.88,0.833,31.482,68.223,31.4,86.8,73.23,72.15,77.75,54.86,43.5,49.18,1,1,0.506,0.494,0.499,0
2,Tele2,Sweden,Lithuania,1,3.3,1,25.704,4.056,0.8425,3.546,3.085,14.56,0.824,50.465,66.842,37.38,67,65.67,74.31,68.52,47.46,29.52,38.49,1,1,0.322,0.322,0.414,0
2,Tele2,Sweden,Latvia,1,4.3,1,70.457,3.754,0.7916,4.034,2.101,14.92,0.815,34.443,67.764,36,67.42,70.24,56.87,65.55,47.46,32.14,39.8,1,1,0.587,0.58,0.556,0
1,Tele2,Sweden,Kazakhstan,2,6.3,1,29.914,10.168,3.5965,4.165,15.832,15.06,0.763,5.961,53.908,28.8,64.25,42.82,65.7,56.74,39.86,20.77,30.32,6,5,0.617,0.662,0.59,0
2,Telekom Austria,Austria,Austria,1,1.05,1,0,0,0,3.177,8.387,36.03,0.872,101.036,65.847,31.5,85.35,91.56,97.08,90.88,59.28,42.21,50.75,1,1,0.107,0.152,0.415,0
2,Telekom Austria,Austria,Croatia,1,2.3,1,32.791,0.43,0.2932,4.168,4.344,9.67,0.803,79.147,57.287,32.6,71.82,71.2,85.52,75.37,45,30.96,37.98,2,2,0.369,0.076,0.445,0
2,Telekom Austria,Austria,Macedonia,2,4.8,1,27.232,3.491,0.9194,4.903,2.101,6.95,0.503,82.042,57.047,44.05,59.31,63.2,48.23,57.69,40.37,26.57,33.47,3,3,0.502,0.502,0.59,0
2,Telekom Slovenije,Slovenia,Sweden,1,1.29,1,44.953,1.447,1.7683,3.218,9.346,32.96,0.895,22.661,84.902,26.61,86.16,86.04,95.12,88.58,64.85,59.4,62.12,1,1,0.06,0.197,0.234,0
2,Telekom Slovenije,Slovenia,Macedonia,2,4.8,1,3.946,3.202,0.7469,4.903,2.101,6.95,0.503,82.042,57.047,44.05,59.31,63.2,48.23,57.69,40.37,26.57,33.47,3,3,0.502,0.502,0.59,0
1,Telekom Slovenije,Slovenia,Thailand,2,4.55,1,26.981,7.057,8.4555,3.38,66.34,9.41,0.711,130.912,42.744,39.75,67.54,50.54,79.25,64.49,43.33,31.93,37.63,6,5,0.634,0.634,0.099,0
2,Telenor,Norway,Bulgaria,2,6.05,1,53.932,4.603,2.3337,4.07,7.418,9.76,0.77,68.574,71.963,33.8,72.89,58.98,84.99,71.09,44.2,32.64,38.42,2,2,0.402,0.303,0.597,0
2,Telenor,Norway,Hungary,1,2.8,1,43.324,3.625,1.7859,3.592,10.023,17.19,0.817,110.711,68.366,27,89,81.72,91.47,86.99,51.04,45.2,48.12,1,2,0.152,0.03,0.524,0
2,Telia,Sweden,Sweden,1,0.05,1,0,0,0,3.218,9.346,32.96,0.895,22.661,84.902,26.61,86.16,86.04,95.12,88.58,64.85,59.4,62.12,1,1,0.06,0.197,0.234,0
2,Telia,Sweden,Estonia,1,1.29,1,26.977,2.013,0.6881,3.591,1.301,18.88,0.833,31.482,68.223,31.4,86.8,73.23,72.15,77.75,54.86,43.5,49.18,1,1,0.506,0.494,0.499,0
5,Tigo (Millicom),Luxembourg,Rwanda,4,5.3,1,17.851,6.401,6.1972,6.305,10.683,1.14,0.454,404.436,22.988,51.34,31.31,24.02,67.15,38.5,34.73,17,25.86,6,6,0.324,0,0.507,0
4,Tigo (Millicom),Luxembourg,Honduras,3,5.05,1,7.104,5.147,8.9397,4.888,7.546,3.69,0.606,71.812,51.07,51.56,65.44,44.58,69.24,58.79,33.08,22.53,27.81,4,4,0.187,0.055,0.236,0
4,Tigo (Millicom),Luxembourg,Colombia,2,4.05,1,7.298,3.451,8.83,5.267,46.124,11.13,0.695,40.934,74.749,55.9,49.64,46.88,79.63,56.89,38.72,25.92,32.32,3,4,0.601,0.019,0.148,0
4,Tigo (Millicom),Luxembourg,Bolivia,3,4.8,1,6.732,4.605,10.1707,3.444,10.075,3.78,0.643,9.008,65.991,49.7,55.95,34.24,76.98,53.73,30.37,20.51,25.44,3,3,0.74,0.224,0.209,0
4,Tigo (Millicom),Luxembourg,Guatemala,3,5.55,1,6.496,6.632,9.1599,3.799,14.165,6.09,0.602,133.597,48.884,54.9,58.49,43.48,81.94,59.41,33.18,25.49,29.33,4,4,0.512,0.459,0.375,0
5,Tigo (Millicom),Luxembourg,Chad,4,4.8,1,3.498,13.227,4.0399,4.885,11.546,3.34,0.36,9.135,21.934,42.5,38.99,19.75,61.32,38.04,30.63,14.23,22.43,7,6,0.83,0.833,0.792,0
5,Tigo (Millicom),Luxembourg,Tanzania,4,5.55,1,21.264,7.615,6.8032,2.987,44.307,0.92,0.488,50.422,27.439,40.28,40.06,18.99,56.63,36.85,30.45,31.93,26.88,4,3,0.735,0.898,0.633,0
5,Vodacom,South Africa,South Africa,2,3.05,0,0,0,0,4.145,51.171,10.48,0.63,41.428,61.687,63.01,65.17,46.41,85.66,63.89,46.37,24.07,35.22,2,2,0.752,0.865,0.86,0
5,Vodacom,South Africa,Lesotho,3,5.05,0,0.579,2.108,0.4406,7.697,1.999,2.33,0.464,66.509,24.259,54.18,57.97,27.83,34.94,40.49,34.84,16.54,25.69,3,3,0.255,0.254,0.721,0
2,Vodafone,United Kingdom,United Kingdom,1,3.8,1,0,0,0,2.249,61.884,32.18,0.895,257.414,81.031,34.67,85.47,87.58,94.95,88.87,63.66,48.27,55.96,1,1,0.121,0.053,0.694,0
2,Vodafone,United Kingdom,Ireland,1,4.05,1,2.804,2.453,0.4125,3.23,4.439,41.62,0.907,65.835,61.569,32.7,93.98,92.4,90.16,92.34,65.53,42.67,54.1,1,1,0.121,0.031,0.155,0
2,Vodafone,United Kingdom,Italy,1,3.3,1,10.175,0.781,1.6507,2.894,60.365,28.82,0.869,200.909,68.209,33.5,73.18,78.99,98.41,82.28,47.88,33.49,40.69,1,1,0.115,0.115,0.303,0
1,Vodafone,United Kingdom,India,3,6.3,1,7.863,9.695,7.5188,1.533,1197.881,3.83,0.569,408.407,30.587,35.15,42.23,29.66,90.67,50.94,36.47,32.56,34.52,2,3,0.418,0.807,0.326,0
2,Vodafone,United Kingdom,Netherlands,1,3.8,1,6.763,0.44,0.5422,3.841,16.588,34.39,0.906,490.08,86.242,28.38,91.9,89.43,93.23,91.35,60.42,52.2,56.31,1,1,0.105,0.514,0.722,0
2,Vodafone,United Kingdom,Czech Republic,1,4.05,1,25.11,2.104,1.2883,3.475,10.52,23.07,0.859,135.197,73.324,26.2,84.31,82.17,86.4,84.1,53.11,41.49,47.3,1,1,0.322,0.323,0.659,0
2,Vodafone,United Kingdom,Germany,1,1.05,1,13.348,1.683,0.8158,2.829,83.1,31.31,0.907,234.94,74.093,31.2,78.65,85.6,91.87,84.86,59.04,50.74,54.89,1,1,0.168,0.164,0.657,0
3,Vodafone,United Kingdom,Fiji,2,4.05,1,6.701,7.996,16.0231,7.352,0.857,5.82,0.706,46.632,51.44,42.78,47.59,50.1,66.56,53.75,36.96,18.87,27.92,6,4,0.548,0.548,0.568,0
2,Vodafone,United Kingdom,Spain,1,5.55,1,6.089,0.15,1.5658,3.319,45.968,31.45,0.86,92.975,78.21,35.39,77.1,83.44,96.2,84.71,52.43,35.19,43.81,1,1,0.417,0.413,0.451,0
1,Vodafone,United Kingdom,Cyprus,1,6.05,1,7.846,2.916,3.4354,4.023,1.097,5.59,0.853,118.839,67.695,32.1,88.62,92.06,78.61,87.13,52.38,40.52,46.45,1,1,0.094,0.396,0.396,0
5,Vodafone,United Kingdom,Uganda,4,6.05,1,1.169,9.227,6.6699,2.909,33.426,1.17,0.473,164.015,14.189,44.2,48.66,22.76,71.86,45.49,29.86,22.87,26.37,5,4,0.93,0.923,0.633,0
2,Vodafone,United Kingdom,Romania,2,3.05,1,22.954,3.434,2.1104,3.058,21.887,9.31,0.797,88.531,53.698,28.2,66.77,69.84,90.33,74.4,41.8,31.86,36.83,2,2,0.307,0.172,0.237,0
2,Vodafone,United Kingdom,Hungary,1,5.05,1,6.911,3.042,1.7321,3.592,10.023,17.19,0.817,110.711,68.366,27,89,81.72,91.47,86.99,51.04,45.2,48.12,1,2,0.152,0.03,0.524,0
2,Vodafone,United Kingdom,Greece,1,3.3,1,46.223,0.412,2.462,3.546,11.104,27.72,0.859,86.168,75.932,33.6,73.34,81.55,91.56,81.4,42.48,25.89,34.18,1,2,0.158,0.03,0.153,0
2,Vodafone,United Kingdom,Malta,1,4.05,1,15.303,1.242,2.3951,4.542,0.424,20.98,0.819,1288.991,94.486,27.4,93.41,77.18,52.58,76.16,55.27,56.98,56.13,1,1,0.041,0.091,0.122,0
3,Vodafone,United Kingdom,New Zealand,1,3.3,1,6.687,1.035,18.5617,4.655,4.346,25.4,0.899,16.34,86.148,31.7,82.41,74.16,81.32,79.06,60.97,46.61,53.79,1,1,0.397,0.166,0.811,0
2,Vodafone,United Kingdom,Portugal,1,2.3,1,5.808,0.836,1.6764,3.467,10.585,20.13,0.812,115.386,59.964,34.91,83.48,84.7,93.63,86.73,50.32,34.47,42.4,1,1,0.047,0.02,0.144,0
1,Vodafone,United Kingdom,Qatar,1,4.55,1,3.953,35.037,5.373,7.549,1.657,88.29,0.825,137.018,98.47,41.1,80.42,65.42,71.27,72.36,51.71,43.77,47.74,6,5,0.746,0.48,0.095,0
2,Vodafone,United Kingdom,Albania,2,5.8,1,19.908,5.973,2.1818,3.889,3.151,4.73,0.725,106.844,51.076,30,64.78,44.29,80.69,61.6,40.51,20.43,30.47,3,3,0.22,0.04,0.472,0
2,Vodafone,United Kingdom,Iceland,1,3.8,1,97.355,1.905,1.5129,3.767,0.316,38.16,0.894,3.177,93.511,28.7,75.08,71.11,72.32,72.85,62.48,47.72,55.1,1,1,0.08,0.082,0.191,0
3,Vodafone,United Kingdom,Australia,1,3.55,1,8.937,1.069,15.3109,3.409,22.221,36.31,0.927,2.824,88.59,35.63,76.97,84.75,90.01,83.44,62.81,36.89,49.85,1,1,0.093,0.335,0.821,0
2,WIND,Italy,Italy,1,4.05,1,0,0,0,2.894,60.365,28.82,0.869,200.909,68.209,33.5,73.18,78.99,98.41,82.28,47.88,33.49,40.69,1,1,0.115,0.115,0.303,0
2,WIND,Italy,Greece,1,5.3,1,38.694,0.232,0.8807,3.546,11.104,27.72,0.859,86.168,75.932,33.6,73.34,81.55,91.56,81.4,42.48,25.89,34.18,1,2,0.158,0.03,0.153,0
1,Zain,Bahrain,Jordan,2,5.3,1,14.449,10.644,1.5269,3.377,6.318,5.16,0.739,76.832,82.22,33.8,65.8,61.43,85.8,69.7,40.29,32.13,36.21,4,4,0.299,0.295,0.604,0
1,Zain,Bahrain,Kuwait,1,3.05,1,7.329,0.818,0.6126,3.877,2.921,42.07,0.79,158.19,98.248,39.73,68.36,81.87,59.79,70.99,42.44,30.85,36.64,4,5,0.66,0.344,0.675,0
1,Zain,Bahrain,Saudi Arabia,1,1.79,1,6.154,9.458,0.5686,4.02,27.027,20.23,0.792,12.402,81.867,45,68.57,74.28,60.43,68.43,45.94,26.94,36.44,7,6,0.18,0.095,0.127,0
1,Zain,Bahrain,Bahrain,1,3.55,1,0,0,0,5.058,1.222,26.31,0.81,1559.249,88.5,39.73,87.55,65.76,45.71,67.97,52.73,22.87,37.8,5,5,0.502,0.434,0.553,0
